image,track_id,rank,frame_index,source,score,width,height
000001.jpg,1,0,210,detection,0.6387,77,42
000002.jpg,1,1,230,detection,0.6265,77,35
000003.jpg,1,2,70,detection,0.6091,75,36
000004.jpg,2,0,200,detection,0.6368,69,36
000005.jpg,2,1,250,detection,0.6222,62,34
000006.jpg,2,2,180,detection,0.6018,69,36
000007.jpg,3,0,90,detection,0.7958,62,50
000008.jpg,3,1,50,detection,0.7318,50,41
000009.jpg,3,2,30,detection,0.7002,50,34
000010.jpg,4,0,180,fallback,0.6379,197,67
000011.jpg,4,1,200,fallback,0.6327,180,67
000012.jpg,4,2,70,fallback,0.6247,185,62
000013.jpg,5,0,360,detection,0.773,86,53
000014.jpg,5,1,330,detection,0.7301,95,50
000015.jpg,5,2,300,detection,0.6981,77,38
000016.jpg,6,0,560,detection,0.6655,70,37
000017.jpg,6,1,610,detection,0.6458,88,41
000018.jpg,6,2,590,detection,0.6081,59,34
000019.jpg,7,0,120,fallback,0.5763,132,55
000020.jpg,7,1,140,fallback,0.5729,113,55
000021.jpg,7,2,80,fallback,0.5631,122,52
000022.jpg,8,0,20,fallback,0.6549,242,71
000023.jpg,8,1,50,fallback,0.632,216,63
000024.jpg,8,2,100,fallback,0.6299,188,60
000025.jpg,9,0,850,detection,0.7849,105,81
000026.jpg,9,1,670,detection,0.7739,180,61
000027.jpg,9,2,830,detection,0.771,181,197
000028.jpg,10,0,110,fallback,0.488,68,32
000029.jpg,12,0,180,fallback,0.6317,114,86
000030.jpg,12,1,130,fallback,0.6238,84,76
000031.jpg,13,0,580,fallback,0.6452,185,70
000032.jpg,13,1,220,fallback,0.6449,198,66
000033.jpg,13,2,630,fallback,0.637,179,68
000034.jpg,14,0,220,fallback,0.6334,194,68
000035.jpg,14,1,240,fallback,0.6199,182,64
000036.jpg,16,0,160,fallback,0.577,105,66
000037.jpg,18,0,220,fallback,0.5818,77,66
000038.jpg,18,1,240,fallback,0.5756,72,63
000039.jpg,19,0,210,fallback,0.505,79,36
000040.jpg,19,1,240,fallback,0.4896,79,36
000041.jpg,20,0,260,detection,0.7651,145,170
000042.jpg,23,0,620,detection,0.6861,76,41
000043.jpg,24,0,500,fallback,0.5119,84,36
000044.jpg,25,0,320,fallback,0.6835,433,104
000045.jpg,28,0,360,fallback,0.6997,527,132
000046.jpg,44,0,600,fallback,0.6218,145,64
000047.jpg,44,1,550,fallback,0.6172,170,66
000048.jpg,44,2,620,fallback,0.5967,115,63
000049.jpg,48,0,920,detection,0.7752,110,92
000050.jpg,48,1,900,detection,0.7563,106,96
000051.jpg,48,2,870,detection,0.7373,102,89
000052.jpg,49,0,820,detection,0.702,131,40
000053.jpg,49,1,770,detection,0.6732,114,37
000054.jpg,49,2,730,detection,0.655,101,41
000055.jpg,51,0,500,fallback,0.6414,205,64
000056.jpg,59,0,620,fallback,0.6585,315,142
000057.jpg,62,0,540,fallback,0.5234,90,40
000058.jpg,62,1,570,fallback,0.5076,85,36
000059.jpg,62,2,590,fallback,0.4994,80,36
000060.jpg,66,0,600,fallback,0.6665,225,70
000061.jpg,67,0,620,fallback,0.5316,96,40
000062.jpg,67,1,640,fallback,0.5229,92,38
000063.jpg,68,0,670,fallback,0.5971,162,52
000064.jpg,70,0,720,detection,0.8966,94,88
000065.jpg,70,1,690,detection,0.8469,236,79
000066.jpg,73,0,760,fallback,0.6924,470,96
000067.jpg,74,0,760,detection,0.7,63,58
000068.jpg,75,0,820,detection,0.609,72,36
000069.jpg,76,0,890,fallback,0.7054,410,94
000070.jpg,77,0,1110,detection,0.7409,71,121
000071.jpg,77,1,1130,detection,0.6863,58,85
000072.jpg,77,2,1160,detection,0.6417,42,33
000073.jpg,80,0,850,detection,0.7094,62,50
000074.jpg,83,0,1030,detection,0.6787,74,146
000075.jpg,86,0,1000,detection,0.7909,180,192
000076.jpg,86,1,940,detection,0.7391,173,189
000077.jpg,86,2,960,detection,0.7319,168,191
000078.jpg,89,0,970,fallback,0.6664,213,93
000079.jpg,96,0,1080,fallback,0.6864,258,72
000080.jpg,96,1,1100,fallback,0.6738,245,68
000081.jpg,96,2,1120,fallback,0.6398,210,60
000082.jpg,100,0,1080,detection,0.8022,88,75
000083.jpg,102,0,1080,fallback,0.6585,231,66
000084.jpg,103,0,1210,fallback,0.6579,444,204
000085.jpg,103,1,1230,fallback,0.6421,376,227
000086.jpg,103,2,1130,fallback,0.6253,345,193
000087.jpg,105,0,1110,fallback,0.5956,145,58
000088.jpg,105,1,1130,fallback,0.5954,149,54
000089.jpg,105,2,1150,fallback,0.5932,154,52
000090.jpg,109,0,1160,fallback,0.5978,84,70
000091.jpg,109,1,1180,fallback,0.5868,78,67
000092.jpg,109,2,1200,fallback,0.566,66,60
000093.jpg,110,0,1210,fallback,0.695,244,72
000094.jpg,110,1,1230,fallback,0.6759,236,68
000095.jpg,112,0,1210,detection,0.8519,72,55
000096.jpg,112,1,1250,detection,0.7919,58,46
000097.jpg,113,0,1220,fallback,0.574,138,43
000098.jpg,135,0,1710,detection,0.8367,85,72
000099.jpg,135,1,1730,detection,0.8123,81,71
000100.jpg,135,2,1750,detection,0.8015,72,76
000101.jpg,136,0,1380,detection,0.5966,49,33
000102.jpg,136,1,1400,detection,0.5566,50,32
000103.jpg,137,0,1520,fallback,0.6527,165,77
000104.jpg,137,1,1450,fallback,0.644,150,78
000105.jpg,137,2,1350,fallback,0.6416,149,76
000106.jpg,139,0,1500,detection,0.5828,76,35
000107.jpg,140,0,1340,fallback,0.5023,62,45
000108.jpg,144,0,1520,fallback,0.562,85,60
000109.jpg,144,1,1490,fallback,0.5565,77,60
000110.jpg,145,0,1550,fallback,0.5435,86,44
000111.jpg,145,1,1400,fallback,0.5307,84,51
000112.jpg,145,2,1350,fallback,0.5003,58,52
000113.jpg,149,0,1380,detection,0.723,52,53
000114.jpg,150,0,1480,fallback,0.5463,94,43
000115.jpg,150,1,1460,fallback,0.5285,77,42
000116.jpg,152,0,1450,fallback,0.4632,61,43
000117.jpg,153,0,1580,fallback,0.6749,225,77
000118.jpg,153,1,1550,fallback,0.6745,209,78
000119.jpg,163,0,1620,fallback,0.6062,76,68
000120.jpg,163,1,1640,fallback,0.5673,80,59
000121.jpg,165,0,1630,detection,0.7079,107,190
000122.jpg,170,0,1660,fallback,0.5924,115,68
000123.jpg,176,0,2030,fallback,0.6819,807,270
000124.jpg,176,1,1990,fallback,0.679,912,255
000125.jpg,176,2,2050,fallback,0.6613,590,226
000126.jpg,178,0,2030,fallback,0.6152,42,150
000127.jpg,181,0,2270,detection,0.8742,71,81
000128.jpg,181,1,2350,detection,0.8549,71,76
000129.jpg,181,2,2370,detection,0.8493,68,75
000130.jpg,182,0,2110,fallback,0.6219,285,167
000131.jpg,183,0,2220,fallback,0.6013,200,214
000132.jpg,185,0,2300,detection,0.8664,58,77
000133.jpg,185,1,2320,detection,0.8663,62,75
000134.jpg,186,0,2480,detection,0.7128,79,51
000135.jpg,186,1,2460,detection,0.6602,70,41
000136.jpg,188,0,2880,detection,0.7889,153,79
000137.jpg,188,1,2860,detection,0.7404,120,61
000138.jpg,189,0,2620,detection,0.8493,61,71
000139.jpg,189,1,2640,detection,0.8199,55,71
000140.jpg,189,2,2660,detection,0.7642,34,72
000141.jpg,192,0,2770,fallback,0.6799,389,138
000142.jpg,192,1,2790,fallback,0.6295,162,90
000143.jpg,197,0,3050,fallback,0.6801,783,258
000144.jpg,197,1,3030,fallback,0.6801,817,270
000145.jpg,199,0,3000,fallback,0.6678,347,140
000146.jpg,199,1,3020,fallback,0.6502,244,127
000147.jpg,200,0,3150,fallback,0.66,551,228
000148.jpg,204,0,3130,detection,0.7709,102,80
000149.jpg,211,0,5350,detection,0.8971,571,146
000150.jpg,211,1,5290,detection,0.8953,548,144
000151.jpg,211,2,5310,detection,0.8943,556,145
000152.jpg,212,0,3290,fallback,0.6251,113,128
000153.jpg,212,1,3260,fallback,0.6152,223,146
000154.jpg,212,2,3240,fallback,0.6144,223,155
000155.jpg,214,0,3370,detection,0.5816,53,32
000156.jpg,216,0,3230,fallback,0.5781,81,63
000157.jpg,216,1,3190,fallback,0.5301,68,54
000158.jpg,222,0,3830,detection,0.9214,110,84
000159.jpg,222,1,3850,detection,0.8981,96,75
000160.jpg,222,2,3870,detection,0.8671,88,70
000161.jpg,231,0,3650,fallback,0.6794,272,76
000162.jpg,233,0,3630,fallback,0.6595,215,78
000163.jpg,233,1,3600,fallback,0.6564,227,78
000164.jpg,233,2,3650,fallback,0.6437,190,76
000165.jpg,242,0,3640,fallback,0.6723,248,89
000166.jpg,247,0,3650,fallback,0.6197,231,180
000167.jpg,249,0,3650,fallback,0.4404,114,32
000168.jpg,250,0,3650,fallback,0.5808,120,62
000169.jpg,251,0,3890,fallback,0.6569,177,85
000170.jpg,251,1,3770,fallback,0.6428,147,80
000171.jpg,251,2,3910,fallback,0.6318,145,88
000172.jpg,254,0,3680,fallback,0.6914,297,92
000173.jpg,254,1,3700,fallback,0.6811,357,118
000174.jpg,254,2,3720,fallback,0.6685,325,130
000175.jpg,256,0,3680,detection,0.6537,51,44
000176.jpg,263,0,6750,detection,0.9473,149,112
000177.jpg,263,1,6950,detection,0.9406,171,124
000178.jpg,263,2,6980,detection,0.9404,163,120
000179.jpg,265,0,3740,detection,0.688,58,52
000180.jpg,267,0,3790,fallback,0.6414,184,68
000181.jpg,267,1,3750,fallback,0.6131,166,58
000182.jpg,270,0,3840,fallback,0.6349,175,66
000183.jpg,270,1,3820,fallback,0.6322,172,62
000184.jpg,270,2,3930,fallback,0.548,133,61
000185.jpg,271,0,3810,detection,0.6038,75,40
000186.jpg,275,0,3770,fallback,0.6466,155,76
000187.jpg,277,0,3790,fallback,0.628,182,63
000188.jpg,280,0,3860,fallback,0.6763,217,84
000189.jpg,280,1,3830,fallback,0.6751,208,80
000190.jpg,280,2,3880,fallback,0.6581,211,80
000191.jpg,299,0,3940,fallback,0.6373,156,70
000192.jpg,300,0,4390,detection,0.8262,95,78
000193.jpg,300,1,4230,detection,0.7266,92,52
000194.jpg,300,2,4030,detection,0.7146,92,49
000195.jpg,302,0,4090,fallback,0.5261,118,36
000196.jpg,302,1,4130,fallback,0.5181,129,37
000197.jpg,302,2,4110,fallback,0.5125,127,36
000198.jpg,305,0,3970,fallback,0.6052,99,72
000199.jpg,305,1,3990,fallback,0.5897,55,69
000200.jpg,312,0,4060,fallback,0.4333,43,33
000201.jpg,316,0,4200,fallback,0.6128,171,60
000202.jpg,319,0,4190,fallback,0.7009,252,75
000203.jpg,323,0,4580,fallback,0.6653,192,86
000204.jpg,325,0,4340,fallback,0.5705,64,63
000205.jpg,327,0,4440,fallback,0.5627,181,38
000206.jpg,327,1,4460,fallback,0.5295,175,36
000207.jpg,327,2,4480,fallback,0.5203,147,34
000208.jpg,329,0,4850,fallback,0.6264,153,62
000209.jpg,329,1,4800,fallback,0.6219,145,66
000210.jpg,329,2,4540,fallback,0.6007,154,58
000211.jpg,331,0,4510,fallback,0.4912,69,42
000212.jpg,331,1,4530,fallback,0.4552,48,38
000213.jpg,332,0,4600,fallback,0.7199,486,113
000214.jpg,332,1,4620,fallback,0.7004,360,118
000215.jpg,332,2,4640,fallback,0.6784,267,116
000216.jpg,333,0,4570,fallback,0.4849,102,32
000217.jpg,333,1,4550,fallback,0.4715,80,34
000218.jpg,334,0,4640,fallback,0.7213,352,79
000219.jpg,334,1,4660,fallback,0.71,313,86
000220.jpg,334,2,4610,fallback,0.7088,313,72
000221.jpg,335,0,5030,detection,0.7527,60,141
000222.jpg,335,1,4910,detection,0.5924,52,36
000223.jpg,336,0,4900,detection,0.6242,63,46
000224.jpg,336,1,4880,detection,0.5724,52,36
000225.jpg,336,2,4830,detection,0.5368,51,34
000226.jpg,339,0,4710,fallback,0.6107,164,53
000227.jpg,339,1,4730,fallback,0.6078,159,54
000228.jpg,339,2,4670,fallback,0.5897,146,42
000229.jpg,340,0,4610,fallback,0.5524,119,50
000230.jpg,343,0,4640,fallback,0.6004,146,66
000231.jpg,345,0,4620,fallback,0.5343,88,43
000232.jpg,346,0,4820,fallback,0.6585,237,66
000233.jpg,346,1,4840,fallback,0.6424,176,64
000234.jpg,354,0,4830,fallback,0.6209,175,42
000235.jpg,355,0,5070,detection,0.6547,67,42
000236.jpg,355,1,4950,detection,0.6403,54,41
000237.jpg,357,0,4870,fallback,0.5295,115,40
000238.jpg,359,0,4760,fallback,0.6154,172,50
000239.jpg,359,1,4690,fallback,0.5842,118,54
000240.jpg,362,0,4700,fallback,0.5662,110,60
000241.jpg,364,0,4890,fallback,0.5209,122,33
000242.jpg,366,0,4760,fallback,0.5599,119,50
000243.jpg,374,0,4890,fallback,0.6075,193,42
000244.jpg,374,1,4910,fallback,0.5817,226,42
000245.jpg,374,2,4940,fallback,0.5557,215,40
000246.jpg,381,0,4920,fallback,0.6202,196,49
000247.jpg,382,0,4970,detection,0.6471,62,49
000248.jpg,387,0,5130,fallback,0.6274,128,78
000249.jpg,387,1,5150,fallback,0.6178,140,93
000250.jpg,387,2,5070,fallback,0.6144,121,72
000251.jpg,388,0,5320,detection,0.894,139,79
000252.jpg,388,1,5340,detection,0.8896,139,77
000253.jpg,388,2,5290,detection,0.8836,133,76
000254.jpg,389,0,5030,fallback,0.5467,117,46
000255.jpg,394,0,5110,fallback,0.6725,296,64
000256.jpg,394,1,5130,fallback,0.6428,178,61
000257.jpg,398,0,5100,fallback,0.5786,118,43
000258.jpg,402,0,5300,fallback,0.6211,379,436
000259.jpg,402,1,5320,fallback,0.6198,451,478
000260.jpg,402,2,5340,fallback,0.6179,527,538
000261.jpg,406,0,5260,fallback,0.6508,183,59
000262.jpg,406,1,5220,fallback,0.612,155,58
000263.jpg,406,2,5280,fallback,0.5888,118,54
000264.jpg,411,0,5380,detection,0.5473,70,33
000265.jpg,412,0,5600,detection,0.9289,128,110
000266.jpg,412,1,5490,detection,0.7937,71,55
000267.jpg,412,2,5460,detection,0.7718,63,52
000268.jpg,413,0,5450,fallback,0.6995,297,94
000269.jpg,413,1,5470,fallback,0.6902,289,106
000270.jpg,418,0,5420,detection,0.6175,54,33
000271.jpg,419,0,5500,detection,0.6198,25,59
000272.jpg,425,0,5430,fallback,0.6423,158,76
000273.jpg,426,0,6730,detection,0.9405,149,107
000274.jpg,426,1,6810,detection,0.938,155,106
000275.jpg,426,2,6680,detection,0.9354,147,102
000276.jpg,428,0,6110,detection,0.9122,151,148
000277.jpg,428,1,6010,detection,0.9091,139,148
000278.jpg,428,2,6080,detection,0.9037,146,148
000279.jpg,429,0,5500,detection,0.7969,79,50
000280.jpg,430,0,5450,fallback,0.6673,202,87
000281.jpg,430,1,5470,fallback,0.6334,154,80
000282.jpg,434,0,5510,fallback,0.627,130,68
000283.jpg,438,0,5530,fallback,0.603,107,68
000284.jpg,439,0,5510,detection,0.7523,104,54
000285.jpg,440,0,5510,fallback,0.5762,89,70
000286.jpg,441,0,5560,fallback,0.6158,96,70
000287.jpg,444,0,5690,detection,0.8878,124,77
000288.jpg,444,1,5670,detection,0.8564,128,67
000289.jpg,444,2,5650,detection,0.8304,111,61
000290.jpg,447,0,5810,detection,0.7764,85,61
000291.jpg,448,0,5570,fallback,0.6294,157,96
000292.jpg,458,0,5800,fallback,0.5658,192,44
000293.jpg,460,0,5820,fallback,0.6458,154,77
000294.jpg,461,0,5870,detection,0.9316,261,189
000295.jpg,461,1,5840,detection,0.9309,263,197
000296.jpg,463,0,6100,fallback,0.6394,131,79
000297.jpg,463,1,6070,fallback,0.6341,115,78
000298.jpg,463,2,5980,fallback,0.5996,113,60
000299.jpg,464,0,5940,fallback,0.6569,149,79
000300.jpg,464,1,5900,fallback,0.6482,149,88
000301.jpg,464,2,5880,fallback,0.6439,141,87
000302.jpg,465,0,6040,fallback,0.649,149,76
000303.jpg,468,0,6250,detection,0.719,59,54
000304.jpg,468,1,6200,detection,0.6871,69,55
000305.jpg,468,2,6170,detection,0.6761,53,44
000306.jpg,469,0,6270,detection,0.9049,104,80
000307.jpg,469,1,6250,detection,0.901,96,79
000308.jpg,469,2,6220,detection,0.8895,89,75
000309.jpg,470,0,6160,fallback,0.5963,116,60
000310.jpg,471,0,6140,fallback,0.591,95,72
000311.jpg,471,1,6160,fallback,0.5292,84,60
000312.jpg,472,0,6150,fallback,0.4448,88,38
000313.jpg,476,0,6220,fallback,0.6142,111,69
000314.jpg,478,0,6300,fallback,0.5609,104,46
000315.jpg,478,1,6280,fallback,0.5597,112,50
000316.jpg,478,2,6230,fallback,0.5538,98,45
000317.jpg,480,0,6430,fallback,0.7051,276,92
000318.jpg,480,1,6360,fallback,0.684,218,86
000319.jpg,480,2,6290,fallback,0.6337,157,61
000320.jpg,482,0,6380,detection,0.7044,53,43
000321.jpg,483,0,6520,detection,0.8212,90,59
000322.jpg,483,1,6540,detection,0.7767,66,76
000323.jpg,483,2,6420,detection,0.7264,54,42
000324.jpg,484,0,6500,detection,0.7987,84,60
000325.jpg,484,1,6480,detection,0.7546,78,52
000326.jpg,484,2,6440,detection,0.6929,63,43
000327.jpg,488,0,6530,fallback,0.7253,425,98
000328.jpg,488,1,6630,fallback,0.7196,521,140
000329.jpg,488,2,6550,fallback,0.7192,487,106
000330.jpg,490,0,6540,fallback,0.5873,68,66
000331.jpg,496,0,6770,fallback,0.6328,140,112
000332.jpg,497,0,6610,fallback,0.6627,162,86
000333.jpg,500,0,6690,fallback,0.6184,133,61
000334.jpg,500,1,6630,fallback,0.5903,123,54
000335.jpg,507,0,6780,fallback,0.701,236,93
000336.jpg,507,1,6660,fallback,0.6883,237,78
000337.jpg,507,2,6720,fallback,0.6882,278,98
000338.jpg,510,0,6870,fallback,0.5726,111,58
000339.jpg,514,0,6960,fallback,0.7276,379,84
000340.jpg,514,1,7000,fallback,0.7158,415,85
000341.jpg,514,2,6980,fallback,0.7137,442,84
000342.jpg,517,0,6950,detection,0.7121,47,41
000343.jpg,517,1,6860,detection,0.5779,70,35
000344.jpg,517,2,6900,detection,0.5736,60,35
000345.jpg,519,0,6770,fallback,0.6004,72,78
000346.jpg,520,0,6780,detection,0.7362,375,94
000347.jpg,522,0,6810,fallback,0.5754,128,59
000348.jpg,522,1,6830,fallback,0.5606,113,58
000349.jpg,522,2,6850,fallback,0.5296,101,55
000350.jpg,523,0,6820,fallback,0.6231,235,202
000351.jpg,523,1,6840,fallback,0.6168,204,220
000352.jpg,524,0,6820,detection,0.7449,48,62
000353.jpg,528,0,6960,fallback,0.6704,413,135
000354.jpg,528,1,6980,fallback,0.6545,417,150
000355.jpg,539,0,7030,detection,0.9442,181,131
000356.jpg,539,1,7050,detection,0.9309,174,128
000357.jpg,543,0,7390,detection,0.8968,122,97
000358.jpg,543,1,7290,detection,0.8161,84,75
000359.jpg,543,2,7260,detection,0.796,81,68
000360.jpg,545,0,7020,fallback,0.6143,172,58
000361.jpg,560,0,7160,fallback,0.6883,576,210
000362.jpg,560,1,7130,fallback,0.6614,469,223
000363.jpg,561,0,7200,fallback,0.6582,584,314
000364.jpg,561,1,7170,fallback,0.646,338,272
000365.jpg,564,0,8060,detection,0.8052,97,61
000366.jpg,564,1,7380,detection,0.8006,85,55
000367.jpg,564,2,8230,detection,0.7993,93,55
000368.jpg,565,0,8190,fallback,0.6629,467,260
000369.jpg,565,1,8210,fallback,0.6359,312,242
000370.jpg,568,0,7840,detection,0.8207,89,75
000371.jpg,568,1,8330,detection,0.7886,80,76
000372.jpg,568,2,8400,detection,0.7846,84,71
000373.jpg,569,0,7530,fallback,0.6323,83,76
000374.jpg,569,1,7550,fallback,0.6186,51,70
000375.jpg,570,0,7890,detection,0.8856,208,122
000376.jpg,570,1,7810,detection,0.5991,68,38
000377.jpg,571,0,8180,detection,0.8916,218,133
000378.jpg,571,1,8150,detection,0.8907,211,128
000379.jpg,571,2,8360,detection,0.8904,214,132
000380.jpg,573,0,7950,detection,0.8006,148,92
000381.jpg,573,1,7980,detection,0.7737,87,62
000382.jpg,579,0,8200,fallback,0.6414,158,124
000383.jpg,583,0,9090,detection,0.7582,72,67
000384.jpg,585,0,8700,fallback,0.6424,371,288
000385.jpg,585,1,8670,fallback,0.642,185,214
000386.jpg,591,0,9000,detection,0.7837,80,53
000387.jpg,591,1,9860,detection,0.7695,80,52
000388.jpg,591,2,9030,detection,0.7519,72,50
000389.jpg,592,0,9240,fallback,0.6674,519,210
000390.jpg,592,1,9070,fallback,0.6408,189,155
000391.jpg,592,2,9090,fallback,0.6369,183,140
000392.jpg,595,0,9160,fallback,0.6329,296,183
000393.jpg,602,0,9230,fallback,0.6548,497,232
000394.jpg,603,0,9290,detection,0.8774,137,80
000395.jpg,608,0,11140,fallback,0.7221,281,77
000396.jpg,608,1,11160,fallback,0.7179,319,72
000397.jpg,608,2,10350,fallback,0.6544,304,174
000398.jpg,611,0,9820,fallback,0.4995,70,41
000399.jpg,611,1,9890,fallback,0.4804,59,41
000400.jpg,611,2,9850,fallback,0.4775,63,40
000401.jpg,613,0,9980,detection,0.7932,98,59
000402.jpg,613,1,9950,detection,0.7564,103,64
000403.jpg,613,2,10100,detection,0.7523,106,67
000404.jpg,615,0,10040,fallback,0.7063,317,106
000405.jpg,615,1,10060,fallback,0.705,307,105
000406.jpg,615,2,10210,fallback,0.7048,300,106
000407.jpg,618,0,9940,detection,0.8025,114,94
000408.jpg,619,0,10030,detection,0.7464,139,104
000409.jpg,623,0,10000,detection,0.765,69,52
000410.jpg,624,0,10040,fallback,0.5361,78,58
000411.jpg,626,0,10070,fallback,0.6299,92,76
000412.jpg,626,1,10090,fallback,0.5833,79,62
000413.jpg,629,0,10090,fallback,0.6434,133,110
000414.jpg,629,1,10120,fallback,0.6431,96,78
000415.jpg,630,0,10190,fallback,0.6236,327,205
000416.jpg,630,1,10170,fallback,0.6231,211,149
000417.jpg,630,2,10110,fallback,0.6128,110,86
000418.jpg,632,0,10180,fallback,0.6402,130,84
000419.jpg,632,1,10640,fallback,0.6363,190,61
000420.jpg,632,2,10200,fallback,0.6361,131,94
000421.jpg,636,0,10180,fallback,0.6457,78,84
000422.jpg,636,1,10200,fallback,0.6448,77,78
000423.jpg,636,2,10220,fallback,0.6326,80,75
000424.jpg,638,0,10220,fallback,0.6121,509,227
000425.jpg,639,0,10250,fallback,0.6411,106,92
000426.jpg,639,1,10270,fallback,0.64,127,106
000427.jpg,639,2,10290,fallback,0.6387,155,128
000428.jpg,641,0,10370,fallback,0.6369,111,84
000429.jpg,641,1,10410,fallback,0.6357,167,123
000430.jpg,641,2,10300,fallback,0.5941,77,62
000431.jpg,642,0,10290,detection,0.7544,102,54
000432.jpg,643,0,10570,fallback,0.6431,234,176
000433.jpg,643,1,10850,fallback,0.6431,181,159
000434.jpg,643,2,10770,fallback,0.6405,183,173
000435.jpg,644,0,10360,fallback,0.6833,811,286
000436.jpg,646,0,10430,fallback,0.4567,80,32
000437.jpg,650,0,10770,detection,0.8433,193,80
000438.jpg,650,1,10940,detection,0.8431,141,147
000439.jpg,650,2,10790,detection,0.8356,218,98
000440.jpg,652,0,10830,detection,0.8158,268,188
000441.jpg,655,0,11350,fallback,0.7207,366,111
000442.jpg,655,1,11390,fallback,0.7158,375,119
000443.jpg,655,2,11480,fallback,0.7105,356,120
000444.jpg,661,0,10980,detection,0.7234,121,44
000445.jpg,661,1,11000,detection,0.7171,119,38
000446.jpg,661,2,11020,detection,0.7107,110,38
000447.jpg,662,0,11010,detection,0.765,67,53
000448.jpg,662,1,10980,detection,0.7623,76,52
000449.jpg,662,2,11030,detection,0.7415,67,49
000450.jpg,663,0,10990,detection,0.8247,81,63
000451.jpg,663,1,11010,detection,0.7506,70,51
000452.jpg,663,2,11030,detection,0.7079,54,44
000453.jpg,664,0,11020,detection,0.6157,55,41
000454.jpg,671,0,11500,detection,0.8147,105,62
000455.jpg,671,1,11200,detection,0.8076,136,64
000456.jpg,671,2,11360,detection,0.8018,123,63
000457.jpg,672,0,11110,detection,0.8467,105,71
000458.jpg,672,1,11140,detection,0.8076,105,72
000459.jpg,673,0,11240,detection,0.7522,72,72
000460.jpg,675,0,11120,fallback,0.7061,249,78
000461.jpg,677,0,11170,fallback,0.6637,312,158
000462.jpg,677,1,11150,fallback,0.6517,294,166
000463.jpg,678,0,11160,fallback,0.5394,106,40
000464.jpg,681,0,11200,fallback,0.6613,233,60
000465.jpg,681,1,11220,fallback,0.6604,224,62
000466.jpg,682,0,11200,fallback,0.6447,217,155
000467.jpg,684,0,11690,detection,0.7211,119,41
000468.jpg,684,1,11650,detection,0.7192,113,41
000469.jpg,684,2,11720,detection,0.7171,115,43
000470.jpg,690,0,11280,fallback,0.652,292,172
000471.jpg,690,1,11300,fallback,0.6486,283,172
000472.jpg,690,2,11400,fallback,0.6446,276,184
000473.jpg,691,0,11670,detection,0.7995,102,53
000474.jpg,691,1,11700,detection,0.7687,89,50
000475.jpg,691,2,11720,detection,0.7274,84,43
000476.jpg,694,0,11630,detection,0.8329,159,107
000477.jpg,694,1,11500,detection,0.8188,210,87
000478.jpg,694,2,11520,detection,0.7352,284,150
000479.jpg,695,0,11440,fallback,0.6514,207,62
000480.jpg,695,1,11460,fallback,0.6457,200,60
000481.jpg,698,0,11520,fallback,0.5326,103,42
000482.jpg,698,1,11540,fallback,0.5206,103,41
000483.jpg,707,0,13310,detection,0.9111,261,198
000484.jpg,707,1,13340,detection,0.907,259,192
000485.jpg,707,2,13220,detection,0.9068,254,185
000486.jpg,708,0,11690,detection,0.62,54,44
000487.jpg,708,1,11710,detection,0.5937,55,40
000488.jpg,709,0,11730,fallback,0.6161,110,70
000489.jpg,716,0,12420,detection,0.846,253,77
000490.jpg,716,1,12190,detection,0.8425,244,80
000491.jpg,716,2,12140,detection,0.8393,232,77
000492.jpg,717,0,11850,detection,0.7964,93,55
000493.jpg,717,1,11800,detection,0.7866,115,68
000494.jpg,717,2,11830,detection,0.7843,162,214
000495.jpg,718,0,11850,detection,0.9184,96,81
000496.jpg,718,1,11820,detection,0.9155,97,80
000497.jpg,720,0,11810,fallback,0.6783,330,142
000498.jpg,720,1,11830,fallback,0.6638,266,130
000499.jpg,720,2,11850,fallback,0.6511,211,120
000500.jpg,721,0,11810,fallback,0.6918,263,95
000501.jpg,721,1,11830,fallback,0.6885,262,97
000502.jpg,722,0,11850,detection,0.6797,40,41
000503.jpg,724,0,11890,fallback,0.7014,347,112
000504.jpg,725,0,12590,detection,0.7147,68,46
000505.jpg,725,1,12650,detection,0.7048,77,51
000506.jpg,725,2,12610,detection,0.7047,70,46
000507.jpg,726,0,11890,detection,0.7641,86,61
000508.jpg,726,1,11910,detection,0.7436,93,58
000509.jpg,727,0,12620,detection,0.7113,69,44
000510.jpg,727,1,12690,detection,0.6741,61,40
000511.jpg,727,2,12170,detection,0.6396,53,33
000512.jpg,728,0,12500,fallback,0.5655,138,51
000513.jpg,728,1,12200,fallback,0.5597,130,49
000514.jpg,728,2,12520,fallback,0.5574,130,51
000515.jpg,729,0,11920,detection,0.7818,72,61
000516.jpg,731,0,12360,fallback,0.5111,89,43
000517.jpg,733,0,12460,detection,0.8535,279,87
000518.jpg,733,1,12480,detection,0.8397,309,98
000519.jpg,733,2,12500,detection,0.8099,209,103
000520.jpg,740,0,12740,fallback,0.6218,89,84
000521.jpg,740,1,12790,fallback,0.6194,141,132
000522.jpg,740,2,12760,fallback,0.6178,103,96
000523.jpg,743,0,13190,detection,0.737,60,67
000524.jpg,743,1,13170,detection,0.6957,51,66
000525.jpg,743,2,13650,detection,0.6672,47,43
000526.jpg,745,0,12890,fallback,0.5822,113,62
000527.jpg,745,1,12930,fallback,0.5762,118,52
000528.jpg,745,2,12910,fallback,0.5734,114,53
000529.jpg,747,0,13110,detection,0.9015,261,206
000530.jpg,747,1,13090,detection,0.9006,250,192
000531.jpg,747,2,13060,detection,0.8987,232,189
000532.jpg,748,0,12890,fallback,0.5059,89,44
000533.jpg,753,0,13010,fallback,0.5195,87,34
000534.jpg,755,0,13460,detection,0.8868,266,254
000535.jpg,755,1,13500,detection,0.8767,232,194
000536.jpg,755,2,13480,detection,0.8705,249,253
000537.jpg,757,0,13710,detection,0.878,156,116
000538.jpg,757,1,13740,detection,0.8747,165,129
000539.jpg,757,2,13790,detection,0.8714,171,148
000540.jpg,758,0,13810,detection,0.7422,54,43
000541.jpg,758,1,13950,detection,0.6961,59,46
000542.jpg,758,2,13740,detection,0.6781,59,44
000543.jpg,761,0,14010,fallback,0.6151,119,76
000544.jpg,761,1,13790,fallback,0.6055,124,72
000545.jpg,761,2,13810,fallback,0.6027,122,72
000546.jpg,772,0,13800,fallback,0.5753,79,64
000547.jpg,772,1,13820,fallback,0.5445,70,54
000548.jpg,772,2,13860,fallback,0.5428,60,52
000549.jpg,774,0,13920,detection,0.8758,167,146
000550.jpg,774,1,13960,detection,0.8733,182,157
000551.jpg,774,2,13890,detection,0.8691,163,145
000552.jpg,776,0,13920,fallback,0.5087,69,32
000553.jpg,778,0,14340,detection,0.8484,78,80
000554.jpg,778,1,14310,detection,0.8086,76,75
000555.jpg,778,2,14290,detection,0.8019,71,68
000556.jpg,779,0,14330,fallback,0.7381,630,165
000557.jpg,779,1,14310,fallback,0.7374,604,158
000558.jpg,779,2,14350,fallback,0.7307,673,164
000559.jpg,788,0,15250,detection,0.8884,138,115
000560.jpg,788,1,15290,detection,0.8831,136,105
000561.jpg,788,2,14790,detection,0.8754,146,127
000562.jpg,791,0,14690,fallback,0.7196,636,166
000563.jpg,791,1,14710,fallback,0.6832,461,162
000564.jpg,791,2,14610,fallback,0.6654,848,113
000565.jpg,792,0,14690,fallback,0.6921,527,93
000566.jpg,792,1,14710,fallback,0.6871,591,105
000567.jpg,793,0,14980,detection,0.6461,62,36
000568.jpg,794,0,14840,fallback,0.706,279,86
000569.jpg,796,0,15130,fallback,0.6176,141,68
000570.jpg,796,1,15280,fallback,0.6122,134,63
000571.jpg,796,2,15150,fallback,0.6089,141,60
000572.jpg,799,0,14880,fallback,0.6762,277,110
000573.jpg,804,0,15210,fallback,0.6698,243,110
000574.jpg,804,1,15410,fallback,0.6237,351,285
000575.jpg,809,0,15360,fallback,0.5593,115,53
000576.jpg,809,1,15380,fallback,0.5442,105,42
000577.jpg,812,0,15380,fallback,0.6063,416,55
000578.jpg,818,0,16290,detection,0.906,354,209
000579.jpg,818,1,16210,detection,0.9038,423,275
000580.jpg,818,2,16150,detection,0.9036,440,292
000581.jpg,819,0,15730,fallback,0.6257,159,78
000582.jpg,819,1,15620,fallback,0.6235,168,80
000583.jpg,819,2,15570,fallback,0.6235,171,80
000584.jpg,828,0,17630,detection,0.7267,60,44
000585.jpg,828,1,16740,detection,0.7002,71,52
000586.jpg,828,2,15970,detection,0.6999,87,45
000587.jpg,830,0,15600,fallback,0.5932,157,106
000588.jpg,831,0,15670,fallback,0.6401,285,147
000589.jpg,831,1,15690,fallback,0.6395,285,147
000590.jpg,831,2,15550,fallback,0.6388,295,158
000591.jpg,833,0,15670,fallback,0.6161,207,120
000592.jpg,833,1,15590,fallback,0.6134,218,128
000593.jpg,837,0,15700,fallback,0.6151,208,118
000594.jpg,837,1,15720,fallback,0.6131,208,119
000595.jpg,839,0,15830,fallback,0.6453,258,114
000596.jpg,839,1,15850,fallback,0.6452,246,96
000597.jpg,839,2,15770,fallback,0.6367,260,132
000598.jpg,841,0,16160,fallback,0.6386,184,84
000599.jpg,841,1,16120,fallback,0.6378,184,84
000600.jpg,841,2,16040,fallback,0.6336,198,90
000601.jpg,845,0,15860,fallback,0.5561,214,42
000602.jpg,847,0,15970,fallback,0.6353,703,86
000603.jpg,848,0,16210,fallback,0.5921,104,122
000604.jpg,848,1,16270,fallback,0.5909,102,119
000605.jpg,849,0,16190,detection,0.9042,436,286
000606.jpg,849,1,16170,detection,0.9041,435,288
000607.jpg,851,0,16420,fallback,0.6845,314,86
000608.jpg,851,1,16440,fallback,0.6713,320,104
000609.jpg,851,2,16460,fallback,0.6621,321,119
000610.jpg,852,0,16560,fallback,0.5938,167,106
000611.jpg,857,0,16700,fallback,0.6171,215,130
000612.jpg,862,0,17060,fallback,0.6238,97,78
000613.jpg,863,0,17560,fallback,0.6217,215,122
000614.jpg,863,1,17580,fallback,0.6174,200,120
000615.jpg,870,0,17480,fallback,0.6186,211,120
000616.jpg,870,1,17540,fallback,0.6168,214,124
000617.jpg,870,2,17390,fallback,0.6164,209,120
000618.jpg,873,0,18240,detection,0.8283,111,120
000619.jpg,873,1,17960,detection,0.8087,78,77
000620.jpg,873,2,18270,detection,0.7995,120,141
000621.jpg,878,0,17620,fallback,0.6208,158,78
000622.jpg,878,1,17650,fallback,0.6181,155,80
000623.jpg,880,0,17610,fallback,0.5643,129,53
000624.jpg,883,0,17650,fallback,0.4739,139,32
000625.jpg,885,0,18150,detection,0.891,119,106
000626.jpg,885,1,18210,detection,0.8861,94,80
000627.jpg,885,2,17930,detection,0.881,114,106
000628.jpg,887,0,17710,fallback,0.5919,120,51
000629.jpg,887,1,17730,fallback,0.5611,80,50
000630.jpg,892,0,17740,fallback,0.5639,93,52
000631.jpg,895,0,18390,fallback,0.6368,130,78
000632.jpg,895,1,18360,fallback,0.6298,121,86
000633.jpg,895,2,18530,fallback,0.6297,114,78
000634.jpg,897,0,18930,detection,0.7745,93,88
000635.jpg,897,1,18960,detection,0.6726,71,42
000636.jpg,908,0,19050,fallback,0.6288,277,188
000637.jpg,908,1,19070,fallback,0.628,260,175
000638.jpg,908,2,19100,fallback,0.6274,235,162
000639.jpg,910,0,19160,detection,0.7806,124,116
000640.jpg,910,1,19200,detection,0.7684,104,110
000641.jpg,911,0,19050,fallback,0.6374,154,96
000642.jpg,911,1,19080,fallback,0.6357,136,85
000643.jpg,911,2,19100,fallback,0.6339,128,81
000644.jpg,915,0,19150,fallback,0.6228,173,136
000645.jpg,915,1,19170,fallback,0.6226,175,136
000646.jpg,915,2,19190,fallback,0.6212,179,133
000647.jpg,917,0,19200,fallback,0.5653,86,59
000648.jpg,917,1,19250,fallback,0.5604,96,60
000649.jpg,920,0,19280,fallback,0.6129,120,72
000650.jpg,931,0,19430,fallback,0.6406,80,80
000651.jpg,931,1,19380,fallback,0.6362,106,94
000652.jpg,931,2,19450,fallback,0.6319,63,76
000653.jpg,932,0,19390,fallback,0.6348,69,88
000654.jpg,934,0,19450,fallback,0.6254,171,78
000655.jpg,934,1,19470,fallback,0.5955,164,76
000656.jpg,934,2,19490,fallback,0.5933,144,75
000657.jpg,935,0,19470,fallback,0.6329,132,87
000658.jpg,935,1,19490,fallback,0.5958,101,67
000659.jpg,938,0,19790,fallback,0.6246,95,69
000660.jpg,938,1,19910,fallback,0.6204,311,194
000661.jpg,938,2,19890,fallback,0.6185,158,119
000662.jpg,939,0,19750,fallback,0.6028,61,68
000663.jpg,939,1,19770,fallback,0.5976,47,66
000664.jpg,939,2,19800,fallback,0.5842,46,62
000665.jpg,942,0,20030,fallback,0.7188,1122,309
000666.jpg,942,1,20050,fallback,0.7179,1083,304
000667.jpg,942,2,20070,fallback,0.712,1057,304
000668.jpg,948,0,20440,detection,0.8673,231,179
000669.jpg,948,1,20250,detection,0.8535,157,120
000670.jpg,948,2,20270,detection,0.824,171,136
000671.jpg,953,0,20230,fallback,0.6647,250,111
000672.jpg,953,1,20250,fallback,0.6595,244,113
000673.jpg,953,2,20280,fallback,0.6549,232,116
000674.jpg,955,0,20250,fallback,0.5766,103,60
000675.jpg,955,1,20210,fallback,0.5765,104,58
000676.jpg,955,2,20160,fallback,0.5755,106,54
000677.jpg,959,0,20290,fallback,0.5355,194,34
000678.jpg,962,0,20360,fallback,0.6749,405,147
000679.jpg,962,1,20380,fallback,0.6697,339,124
000680.jpg,963,0,20450,fallback,0.6278,55,98
000681.jpg,964,0,20470,detection,0.8883,234,166
000682.jpg,964,1,20500,detection,0.8633,226,172
000683.jpg,965,0,20490,fallback,0.6808,1019,314
000684.jpg,965,1,20510,fallback,0.674,920,358
000685.jpg,965,2,20530,fallback,0.6516,674,336
000686.jpg,970,0,20790,detection,0.8654,155,113
000687.jpg,970,1,20860,detection,0.8209,75,75
000688.jpg,970,2,20630,detection,0.7661,69,49
000689.jpg,974,0,21190,detection,0.9004,163,136
000690.jpg,974,1,21130,detection,0.8847,165,123
000691.jpg,974,2,21100,detection,0.8837,157,111
000692.jpg,975,0,20620,fallback,0.594,136,52
000693.jpg,977,0,20740,fallback,0.5851,292,210
000694.jpg,978,0,20760,fallback,0.5615,121,49
000695.jpg,980,0,21190,fallback,0.6661,270,130
000696.jpg,980,1,21020,fallback,0.6513,219,98
000697.jpg,980,2,20950,fallback,0.651,201,94
000698.jpg,981,0,21060,detection,0.6303,92,44
000699.jpg,981,1,21140,detection,0.6009,79,40
000700.jpg,981,2,20980,detection,0.5924,77,36
000701.jpg,984,0,21120,fallback,0.615,159,85
000702.jpg,984,1,21030,fallback,0.606,142,72
000703.jpg,984,2,20960,fallback,0.6018,164,61
000704.jpg,986,0,21060,fallback,0.5913,175,110
000705.jpg,986,1,21080,fallback,0.5906,175,110
000706.jpg,988,0,21170,fallback,0.6253,185,104
000707.jpg,990,0,21340,detection,0.6786,72,37
000708.jpg,990,1,21250,detection,0.6485,87,44
000709.jpg,990,2,21310,detection,0.6443,62,34
000710.jpg,991,0,21240,fallback,0.6512,383,67
000711.jpg,991,1,21260,fallback,0.6488,358,66
000712.jpg,991,2,21220,fallback,0.6466,383,66
000713.jpg,992,0,21230,fallback,0.6388,236,52
000714.jpg,992,1,21250,fallback,0.6088,192,49
000715.jpg,993,0,21320,detection,0.6604,63,37
000716.jpg,994,0,21390,fallback,0.6095,140,94
000717.jpg,995,0,21230,fallback,0.4869,88,32
000718.jpg,996,0,21360,fallback,0.6959,474,102
000719.jpg,996,1,21340,fallback,0.6908,457,105
000720.jpg,996,2,21310,fallback,0.6795,399,106
000721.jpg,998,0,21250,fallback,0.5317,93,36
000722.jpg,998,1,21220,fallback,0.5308,94,36
000723.jpg,1000,0,21460,detection,0.7225,58,42
000724.jpg,1000,1,21670,detection,0.6813,68,44
000725.jpg,1000,2,21490,detection,0.6438,68,38
000726.jpg,1004,0,21360,fallback,0.6221,181,52
000727.jpg,1004,1,21320,fallback,0.5596,111,34
000728.jpg,1012,0,21370,fallback,0.708,387,103
000729.jpg,1017,0,21570,detection,0.7041,66,50
000730.jpg,1017,1,21960,detection,0.667,79,50
000731.jpg,1017,2,21550,detection,0.6531,54,42
000732.jpg,1018,0,21470,detection,0.6995,67,46
000733.jpg,1022,0,21400,fallback,0.5701,124,46
000734.jpg,1024,0,21590,detection,0.7621,66,52
000735.jpg,1024,1,21620,detection,0.711,97,120
000736.jpg,1024,2,21640,detection,0.7095,120,140
000737.jpg,1027,0,21860,detection,0.8727,78,77
000738.jpg,1027,1,21840,detection,0.8498,77,75
000739.jpg,1027,2,21640,detection,0.7693,105,92
000740.jpg,1030,0,21470,detection,0.7847,118,69
000741.jpg,1030,1,21560,detection,0.7578,80,63
000742.jpg,1030,2,21450,detection,0.6866,53,53
000743.jpg,1033,0,21580,fallback,0.5734,120,50
000744.jpg,1033,1,21600,fallback,0.5719,118,50
000745.jpg,1033,2,21620,fallback,0.5616,105,46
000746.jpg,1034,0,23280,detection,0.9167,214,156
000747.jpg,1034,1,23300,detection,0.9136,193,158
000748.jpg,1034,2,23250,detection,0.9128,234,148
000749.jpg,1039,0,21660,fallback,0.7016,254,78
000750.jpg,1039,1,21680,fallback,0.7004,253,78
000751.jpg,1039,2,21700,fallback,0.6971,253,80
000752.jpg,1040,0,21600,detection,0.7067,44,97
000753.jpg,1043,0,22070,fallback,0.6427,232,340
000754.jpg,1048,0,22880,detection,0.8885,107,78
000755.jpg,1048,1,22850,detection,0.8421,87,69
000756.jpg,1048,2,22780,detection,0.8322,81,62
000757.jpg,1057,0,22540,fallback,0.5642,120,54
000758.jpg,1057,1,22520,fallback,0.5621,120,54
000759.jpg,1057,2,22410,fallback,0.5597,111,54
000760.jpg,1058,0,22010,fallback,0.5507,96,32
000761.jpg,1058,1,21990,fallback,0.5464,97,32
000762.jpg,1059,0,22360,detection,0.5979,67,33
000763.jpg,1062,0,22010,fallback,0.6084,202,146
000764.jpg,1064,0,22030,fallback,0.4893,46,33
000765.jpg,1065,0,22120,fallback,0.59,87,66
000766.jpg,1066,0,22030,fallback,0.6134,338,182
000767.jpg,1067,0,22150,detection,0.7722,136,147
000768.jpg,1070,0,22240,detection,0.7947,122,122
000769.jpg,1075,0,22200,fallback,0.6095,106,76
000770.jpg,1075,1,22180,fallback,0.608,85,76
000771.jpg,1075,2,22250,fallback,0.5975,111,70
000772.jpg,1079,0,22160,fallback,0.6423,90,102
000773.jpg,1082,0,22340,detection,0.7099,78,51
000774.jpg,1083,0,22290,fallback,0.5662,41,58
000775.jpg,1086,0,22490,fallback,0.6139,75,80
000776.jpg,1086,1,22390,fallback,0.5398,52,50
000777.jpg,1086,2,22410,fallback,0.539,60,50
000778.jpg,1087,0,22450,fallback,0.5745,88,66
000779.jpg,1087,1,22470,fallback,0.5723,75,64
000780.jpg,1088,0,22440,fallback,0.6281,267,164
000781.jpg,1088,1,22460,fallback,0.6238,211,145
000782.jpg,1089,0,22430,fallback,0.5848,130,54
000783.jpg,1093,0,22520,fallback,0.5995,106,66
000784.jpg,1094,0,22520,fallback,0.6147,249,193
000785.jpg,1094,1,22540,fallback,0.6118,211,175
000786.jpg,1094,2,22560,fallback,0.609,184,156
000787.jpg,1107,0,22750,fallback,0.56,156,34
000788.jpg,1108,0,22760,fallback,0.5527,72,60
000789.jpg,1111,0,22890,fallback,0.5561,163,34
000790.jpg,1114,0,22970,detection,0.8414,64,67
000791.jpg,1114,1,22990,detection,0.805,78,55
000792.jpg,1114,2,23010,detection,0.792,76,52
000793.jpg,1115,0,23350,fallback,0.6388,252,231
000794.jpg,1115,1,23440,fallback,0.6384,245,226
000795.jpg,1115,2,23290,fallback,0.6383,252,224
000796.jpg,1116,0,23060,fallback,0.6613,413,172
000797.jpg,1116,1,23080,fallback,0.6594,384,157
000798.jpg,1116,2,23100,fallback,0.6559,355,148
000799.jpg,1123,0,23380,fallback,0.6341,241,200
000800.jpg,1123,1,23400,fallback,0.6341,236,198
000801.jpg,1123,2,23420,fallback,0.634,234,192
000802.jpg,1124,0,23070,fallback,0.6215,123,70
000803.jpg,1124,1,23090,fallback,0.6014,111,64
000804.jpg,1124,2,23110,fallback,0.5849,93,62
000805.jpg,1128,0,23160,fallback,0.6113,45,94
000806.jpg,1129,0,23600,fallback,0.6707,244,96
000807.jpg,1129,1,23620,fallback,0.6675,244,98
000808.jpg,1129,2,23540,fallback,0.6666,243,101
000809.jpg,1131,0,23160,fallback,0.5352,92,37
000810.jpg,1131,1,23180,fallback,0.5337,89,36
000811.jpg,1136,0,23590,fallback,0.6679,378,144
000812.jpg,1136,1,23560,fallback,0.6678,378,144
000813.jpg,1136,2,23620,fallback,0.6665,373,141
000814.jpg,1139,0,23160,fallback,0.5273,52,45
000815.jpg,1143,0,23250,fallback,0.6711,184,84
000816.jpg,1143,1,23270,fallback,0.6518,172,70
000817.jpg,1143,2,23190,fallback,0.6323,121,122
000818.jpg,1144,0,23440,fallback,0.5823,211,42
000819.jpg,1145,0,23340,fallback,0.5094,69,34
000820.jpg,1147,0,23300,fallback,0.5067,68,36
000821.jpg,1147,1,23270,fallback,0.5057,68,37
000822.jpg,1147,2,23230,fallback,0.5053,67,36
000823.jpg,1148,0,23320,fallback,0.6283,111,76
000824.jpg,1148,1,23560,fallback,0.6198,129,67
000825.jpg,1148,2,23580,fallback,0.6141,122,67
000826.jpg,1149,0,23370,fallback,0.615,83,86
000827.jpg,1149,1,23330,fallback,0.6146,95,95
000828.jpg,1149,2,23310,fallback,0.6141,101,93
000829.jpg,1150,0,23440,fallback,0.6268,153,72
000830.jpg,1150,1,23580,fallback,0.6003,128,68
000831.jpg,1150,2,23670,fallback,0.5929,122,67
000832.jpg,1155,0,23390,fallback,0.5335,61,49
000833.jpg,1155,1,23370,fallback,0.532,68,46
000834.jpg,1155,2,23410,fallback,0.5108,53,42
000835.jpg,1158,0,23460,fallback,0.639,78,80
000836.jpg,1158,1,23480,fallback,0.6206,78,72
000837.jpg,1164,0,23510,fallback,0.5755,69,59
000838.jpg,1164,1,23530,fallback,0.5559,64,53
000839.jpg,1164,2,23560,fallback,0.5454,56,50
000840.jpg,1165,0,23540,fallback,0.5309,80,43
000841.jpg,1165,1,23560,fallback,0.5027,64,34
000842.jpg,1165,2,23590,fallback,0.4894,59,34
000843.jpg,1170,0,23650,fallback,0.6321,76,89
000844.jpg,1170,1,23670,fallback,0.6243,72,76
000845.jpg,1210,0,23820,fallback,0.6231,159,72
000846.jpg,1214,0,23910,fallback,0.63,146,61
000847.jpg,1214,1,23850,fallback,0.6064,138,59
000848.jpg,1214,2,23830,fallback,0.5995,131,58
000849.jpg,1215,0,23820,fallback,0.5707,120,34
000850.jpg,1215,1,23840,fallback,0.5587,115,32
000851.jpg,1217,0,23840,fallback,0.5016,71,32
000852.jpg,1218,0,23910,fallback,0.6692,180,80
000853.jpg,1218,1,23880,fallback,0.6369,171,78
000854.jpg,1218,2,23840,fallback,0.6306,165,76
000855.jpg,1219,0,23860,fallback,0.5395,118,50
000856.jpg,1222,0,23890,fallback,0.6422,119,115
000857.jpg,1230,0,24330,detection,0.8914,439,110
000858.jpg,1230,1,25050,detection,0.8897,393,102
000859.jpg,1230,2,25000,detection,0.8872,406,101
000860.jpg,1231,0,24490,detection,0.929,123,90
000861.jpg,1231,1,24730,detection,0.9275,136,94
000862.jpg,1231,2,24980,detection,0.9264,114,86
000863.jpg,1232,0,23970,fallback,0.7082,495,158
000864.jpg,1232,1,23990,fallback,0.6729,291,148
000865.jpg,1233,0,23980,fallback,0.6436,562,353
000866.jpg,1233,1,24020,fallback,0.6433,520,307
000867.jpg,1233,2,24050,fallback,0.6377,448,372
000868.jpg,1234,0,23980,fallback,0.7218,721,150
000869.jpg,1234,1,24000,fallback,0.7218,851,190
000870.jpg,1234,2,24020,fallback,0.7171,776,219
000871.jpg,1236,0,24280,detection,0.9015,431,102
000872.jpg,1236,1,24300,detection,0.9012,434,103
000873.jpg,1236,2,24340,detection,0.8903,427,106
000874.jpg,1237,0,24070,detection,0.8308,85,85
000875.jpg,1238,0,24160,detection,0.8968,93,79
000876.jpg,1239,0,24280,fallback,0.6424,148,390
000877.jpg,1240,0,24310,fallback,0.6433,162,388
000878.jpg,1240,1,24470,fallback,0.6433,172,331
000879.jpg,1240,2,24490,fallback,0.643,167,327
000880.jpg,1241,0,25020,detection,0.9101,101,77
000881.jpg,1245,0,24650,fallback,0.6446,256,302
000882.jpg,1245,1,24870,fallback,0.6445,254,301
000883.jpg,1245,2,24670,fallback,0.6442,251,288
000884.jpg,1247,0,24850,fallback,0.5527,103,44
000885.jpg,1247,1,24790,fallback,0.536,101,36
000886.jpg,1247,2,24810,fallback,0.5356,103,40
000887.jpg,1248,0,24810,fallback,0.4936,60,38
000888.jpg,1248,1,24760,fallback,0.4917,61,38
000889.jpg,1248,2,24840,fallback,0.4784,59,40
000890.jpg,1253,0,25030,fallback,0.643,249,384
000891.jpg,1253,1,25050,fallback,0.6422,258,393
000892.jpg,1253,2,25110,fallback,0.6419,186,177
000893.jpg,1261,0,26520,detection,0.8809,321,189
000894.jpg,1261,1,26480,detection,0.8781,341,198
000895.jpg,1261,2,25530,detection,0.8777,398,105
000896.jpg,1265,0,25630,fallback,0.6415,208,277
000897.jpg,1267,0,25600,detection,0.758,63,89
000898.jpg,1269,0,25710,fallback,0.6378,115,129
000899.jpg,1270,0,25690,detection,0.8726,85,79
000900.jpg,1279,0,26370,fallback,0.6535,220,118
000901.jpg,1279,1,26310,fallback,0.6516,214,114
000902.jpg,1279,2,26390,fallback,0.6405,256,168
000903.jpg,1282,0,26560,detection,0.9026,251,193
000904.jpg,1282,1,26580,detection,0.7839,240,208
000905.jpg,1282,2,26670,detection,0.7729,181,63
000906.jpg,1288,0,29660,detection,0.8562,310,138
000907.jpg,1288,1,27260,detection,0.8503,133,110
000908.jpg,1288,2,26930,detection,0.8486,142,124
000909.jpg,1289,0,27010,detection,0.6151,42,36
000910.jpg,1293,0,27260,fallback,0.7312,360,89
000911.jpg,1296,0,27540,fallback,0.7139,307,103
000912.jpg,1296,1,27560,fallback,0.67,172,86
000913.jpg,1300,0,27920,fallback,0.7285,312,80
000914.jpg,1300,1,27940,fallback,0.6749,210,66
000915.jpg,1300,2,27960,fallback,0.6104,138,54
000916.jpg,1302,0,28320,detection,0.8453,94,81
000917.jpg,1302,1,28020,detection,0.8414,93,86
000918.jpg,1302,2,28380,detection,0.8398,94,88
000919.jpg,1309,0,28630,fallback,0.7245,314,78
000920.jpg,1309,1,28650,fallback,0.7177,283,72
000921.jpg,1309,2,28670,fallback,0.6883,218,67
000922.jpg,1313,0,28390,fallback,0.6374,154,72
000923.jpg,1315,0,28540,fallback,0.6364,183,62
000924.jpg,1315,1,28560,fallback,0.6362,189,60
000925.jpg,1315,2,28480,fallback,0.6168,159,61
000926.jpg,1317,0,28500,fallback,0.7202,304,76
000927.jpg,1317,1,28520,fallback,0.7106,271,71
000928.jpg,1319,0,28600,fallback,0.6957,440,120
000929.jpg,1319,1,28620,fallback,0.6671,319,106
000930.jpg,1322,0,28670,fallback,0.6459,189,75
000931.jpg,1323,0,28670,detection,0.838,105,105
000932.jpg,1324,0,28710,fallback,0.6051,166,145
000933.jpg,1327,0,28780,detection,0.6935,60,87
000934.jpg,1332,0,28810,detection,0.7504,113,63
000935.jpg,1335,0,28950,detection,0.8906,717,145
000936.jpg,1335,1,28970,detection,0.8863,648,130
000937.jpg,1335,2,30030,detection,0.8857,205,123
000938.jpg,1338,0,28830,detection,0.6774,165,71
000939.jpg,1342,0,28930,detection,0.7863,95,102
000940.jpg,1344,0,29030,detection,0.9281,146,123
000941.jpg,1344,1,28990,detection,0.9094,146,106
000942.jpg,1344,2,30010,detection,0.828,80,85
000943.jpg,1346,0,29360,fallback,0.6016,120,50
000944.jpg,1346,1,29380,fallback,0.5793,99,50
000945.jpg,1348,0,29140,fallback,0.6282,156,158
000946.jpg,1348,1,29120,fallback,0.6278,174,148
000947.jpg,1353,0,29190,fallback,0.6242,271,241
000948.jpg,1354,0,29170,fallback,0.6336,69,98
000949.jpg,1355,0,29910,detection,0.863,105,95
000950.jpg,1355,1,29450,detection,0.8258,103,92
000951.jpg,1355,2,29600,detection,0.8117,95,87
000952.jpg,1357,0,29240,detection,0.6367,110,51
000953.jpg,1358,0,29650,fallback,0.6416,157,60
000954.jpg,1358,1,29670,fallback,0.6294,137,58
000955.jpg,1373,0,29390,fallback,0.5828,120,52
000956.jpg,1373,1,29370,fallback,0.5733,127,52
000957.jpg,1373,2,29450,fallback,0.5722,113,49
000958.jpg,1376,0,29400,fallback,0.6619,198,62
000959.jpg,1376,1,29380,fallback,0.6552,199,61
000960.jpg,1376,2,29440,fallback,0.6352,147,60
000961.jpg,1386,0,30030,fallback,0.6382,179,55
000962.jpg,1386,1,30050,fallback,0.6367,155,59
000963.jpg,1389,0,29990,fallback,0.5926,130,50
000964.jpg,1389,1,30020,fallback,0.5925,132,50
000965.jpg,1389,2,29960,fallback,0.5914,123,52
000966.jpg,1394,0,30050,fallback,0.6591,688,257
000967.jpg,1418,0,30290,fallback,0.5776,111,46
000968.jpg,1423,0,30400,fallback,0.6978,694,182
000969.jpg,1423,1,30420,fallback,0.6634,405,198
000970.jpg,1428,0,30150,fallback,0.6357,238,335
000971.jpg,1429,0,30190,detection,0.8934,110,79
000972.jpg,1429,1,30210,detection,0.8616,218,120
000973.jpg,1429,2,30230,detection,0.816,233,116
000974.jpg,1431,0,30150,fallback,0.6449,266,164
000975.jpg,1432,0,30150,fallback,0.6284,1014,495
000976.jpg,1432,1,30170,fallback,0.6143,852,496
000977.jpg,1436,0,30290,detection,0.6999,75,37
000978.jpg,1436,1,30260,detection,0.6603,59,34
000979.jpg,1436,2,30360,detection,0.6364,54,38
000980.jpg,1439,0,30290,fallback,0.4723,70,32
000981.jpg,1440,0,30290,fallback,0.5238,86,36
000982.jpg,1440,1,30240,fallback,0.5144,77,32
000983.jpg,1440,2,30220,fallback,0.5121,78,32
000984.jpg,1441,0,30290,fallback,0.6102,145,46
000985.jpg,1441,1,30200,fallback,0.6019,157,44
000986.jpg,1441,2,30220,fallback,0.5864,144,44
000987.jpg,1442,0,30240,fallback,0.6454,236,54
000988.jpg,1442,1,30260,fallback,0.6401,241,54
000989.jpg,1442,2,30200,fallback,0.6326,200,53
000990.jpg,1444,0,30280,fallback,0.5094,50,42
000991.jpg,1445,0,30260,fallback,0.6556,305,140
000992.jpg,1445,1,30280,fallback,0.647,218,136
000993.jpg,1446,0,30250,fallback,0.6408,335,150
000994.jpg,1450,0,30440,detection,0.7465,112,51
000995.jpg,1450,1,30410,detection,0.7303,119,44
000996.jpg,1450,2,30380,detection,0.7247,123,44
000997.jpg,1451,0,30470,detection,0.8132,72,58
000998.jpg,1455,0,30340,detection,0.6157,63,32
000999.jpg,1456,0,30390,fallback,0.6928,258,80
001000.jpg,1456,1,30470,fallback,0.6805,269,88
001001.jpg,1456,2,30560,fallback,0.679,271,94
001002.jpg,1457,0,30480,fallback,0.5552,113,46
001003.jpg,1457,1,30500,fallback,0.5475,110,46
001004.jpg,1457,2,30450,fallback,0.544,95,41
001005.jpg,1458,0,30530,fallback,0.5957,95,70
001006.jpg,1458,1,30510,fallback,0.5587,80,60
001007.jpg,1458,2,30460,fallback,0.5336,62,45
001008.jpg,1464,0,31310,detection,0.6932,75,224
001009.jpg,1464,1,31270,detection,0.6703,51,42
001010.jpg,1464,2,31240,detection,0.6068,52,34
001011.jpg,1465,0,30520,fallback,0.6113,101,76
001012.jpg,1465,1,30540,fallback,0.6049,154,119
001013.jpg,1465,2,30480,fallback,0.5694,62,61
001014.jpg,1467,0,30560,fallback,0.6217,140,104
001015.jpg,1467,1,30580,fallback,0.616,182,136
001016.jpg,1468,0,30750,detection,0.9075,112,89
001017.jpg,1468,1,30660,detection,0.8039,78,61
001018.jpg,1468,2,30570,detection,0.683,60,35
001019.jpg,1472,0,30580,fallback,0.6286,105,90
001020.jpg,1472,1,30600,fallback,0.6257,130,113
001021.jpg,1472,2,30620,fallback,0.6227,159,140
001022.jpg,1475,0,30630,fallback,0.6123,94,78
001023.jpg,1479,0,30640,fallback,0.5976,176,45
001024.jpg,1481,0,30900,fallback,0.5913,146,53
001025.jpg,1481,1,30850,fallback,0.5481,150,50
001026.jpg,1483,0,30710,detection,0.7087,105,231
001027.jpg,1507,0,30760,detection,0.8657,84,68
001028.jpg,1532,0,30960,detection,0.749,138,59
001029.jpg,1532,1,31010,detection,0.741,146,55
001030.jpg,1532,2,30980,detection,0.7352,121,51
001031.jpg,1533,0,30950,detection,0.5326,60,34
001032.jpg,1533,1,30910,detection,0.5225,60,32
001033.jpg,1537,0,30980,fallback,0.6038,130,67
001034.jpg,1537,1,30900,fallback,0.5786,107,61
001035.jpg,1537,2,30850,fallback,0.5777,105,61
001036.jpg,1540,0,31010,fallback,0.6343,115,92
001037.jpg,1540,1,30910,fallback,0.5301,59,49
001038.jpg,1540,2,30890,fallback,0.5203,55,44
001039.jpg,1546,0,31010,fallback,0.6251,182,60
001040.jpg,1549,0,31040,detection,0.7212,101,124
001041.jpg,1550,0,31680,detection,0.8803,150,112
001042.jpg,1550,1,31700,detection,0.8741,139,98
001043.jpg,1550,2,31650,detection,0.8737,172,119
001044.jpg,1551,0,31450,detection,0.7287,61,120
001045.jpg,1552,0,31980,detection,0.6926,46,97
001046.jpg,1552,1,31860,detection,0.6871,52,46
001047.jpg,1555,0,31050,fallback,0.6459,611,294
001048.jpg,1555,1,31070,fallback,0.6355,577,276
001049.jpg,1555,2,31090,fallback,0.6295,553,269
001050.jpg,1558,0,31250,fallback,0.5861,101,66
001051.jpg,1558,1,31170,fallback,0.5773,98,58
001052.jpg,1559,0,31750,fallback,0.54,93,43
001053.jpg,1559,1,31530,fallback,0.5381,89,44
001054.jpg,1559,2,31690,fallback,0.5379,89,44
001055.jpg,1561,0,31220,fallback,0.4948,60,33
001056.jpg,1561,1,31200,fallback,0.4862,61,32
001057.jpg,1561,2,31120,fallback,0.4774,55,32
001058.jpg,1564,0,31260,detection,0.586,50,34
001059.jpg,1571,0,31280,fallback,0.5283,96,36
001060.jpg,1571,1,31440,fallback,0.5273,81,37
001061.jpg,1571,2,31490,fallback,0.5177,76,40
001062.jpg,1577,0,31330,fallback,0.5083,75,32
001063.jpg,1580,0,31430,fallback,0.6263,153,88
001064.jpg,1580,1,31500,fallback,0.6249,168,98
001065.jpg,1580,2,31340,fallback,0.6248,136,81
001066.jpg,1591,0,31580,fallback,0.5208,78,44
001067.jpg,1591,1,31620,fallback,0.5157,76,42
001068.jpg,1593,0,31650,fallback,0.6045,107,92
001069.jpg,1593,1,31750,fallback,0.58,45,72
001070.jpg,1605,0,31880,fallback,0.5983,139,54
001071.jpg,1606,0,31850,fallback,0.5104,89,36
001072.jpg,1610,0,32170,fallback,0.5763,131,36
001073.jpg,1612,0,32320,fallback,0.5299,153,36
001074.jpg,1612,1,32380,fallback,0.5182,163,33
001075.jpg,1613,0,32360,detection,0.7697,67,45
001076.jpg,1613,1,32340,detection,0.7462,54,42
001077.jpg,1613,2,32490,detection,0.6966,63,36
001078.jpg,1615,0,32400,fallback,0.6049,138,60
001079.jpg,1616,0,32470,fallback,0.5917,126,38
001080.jpg,1617,0,32490,fallback,0.6208,219,46
001081.jpg,1633,0,35180,detection,0.8715,153,139
001082.jpg,1633,1,35230,detection,0.8677,156,145
001083.jpg,1633,2,35210,detection,0.8673,156,141
001084.jpg,1645,0,32590,fallback,0.5196,191,36
001085.jpg,1647,0,32570,detection,0.5545,51,37
001086.jpg,1648,0,32850,detection,0.7374,68,52
001087.jpg,1648,1,32800,detection,0.726,51,53
001088.jpg,1648,2,32870,detection,0.7012,66,67
001089.jpg,1649,0,32610,detection,0.7582,67,98
001090.jpg,1649,1,32570,detection,0.754,59,94
001091.jpg,1649,2,32590,detection,0.7148,63,88
001092.jpg,1655,0,32660,fallback,0.5162,128,33
001093.jpg,1655,1,32630,fallback,0.5156,232,36
001094.jpg,1659,0,32690,fallback,0.6092,233,139
001095.jpg,1660,0,32690,detection,0.6148,54,42
001096.jpg,1661,0,33120,detection,0.7514,62,116
001097.jpg,1661,1,32800,detection,0.7457,107,53
001098.jpg,1661,2,32830,detection,0.732,120,55
001099.jpg,1662,0,32710,fallback,0.5108,115,49
001100.jpg,1664,0,33160,fallback,0.6383,189,192
001101.jpg,1664,1,33080,fallback,0.6291,191,180
001102.jpg,1665,0,33460,fallback,0.6305,183,240
001103.jpg,1665,1,33180,fallback,0.6294,248,227
001104.jpg,1665,2,33420,fallback,0.6276,231,236
001105.jpg,1666,0,33930,detection,0.8395,122,142
001106.jpg,1666,1,33950,detection,0.8068,113,146
001107.jpg,1666,2,33970,detection,0.7849,89,155
001108.jpg,1668,0,33660,detection,0.8397,124,131
001109.jpg,1672,0,33360,fallback,0.6386,249,179
001110.jpg,1672,1,33390,fallback,0.6376,235,168
001111.jpg,1672,2,33410,fallback,0.6374,211,158
001112.jpg,1674,0,33390,fallback,0.6314,183,202
001113.jpg,1674,1,33410,fallback,0.6296,267,233
001114.jpg,1674,2,33490,fallback,0.6275,252,208
001115.jpg,1675,0,33750,detection,0.8207,127,115
001116.jpg,1675,1,33710,detection,0.7753,72,71
001117.jpg,1675,2,33690,detection,0.7374,71,60
001118.jpg,1677,0,33530,fallback,0.4764,60,50
001119.jpg,1680,0,33640,fallback,0.5456,106,46
001120.jpg,1680,1,33660,fallback,0.5435,105,44
001121.jpg,1680,2,33710,fallback,0.5352,101,41
001122.jpg,1681,0,33740,fallback,0.6009,176,50
001123.jpg,1681,1,33710,fallback,0.5935,176,46
001124.jpg,1681,2,33640,fallback,0.5756,153,49
001125.jpg,1683,0,33650,fallback,0.6113,98,93
001126.jpg,1683,1,33620,fallback,0.6103,60,86
001127.jpg,1685,0,33700,fallback,0.6433,184,88
001128.jpg,1685,1,33810,fallback,0.622,208,54
001129.jpg,1685,2,33830,fallback,0.5926,150,49
001130.jpg,1688,0,33730,fallback,0.4808,62,33
001131.jpg,1692,0,33820,fallback,0.6374,158,71
001132.jpg,1692,1,33840,fallback,0.58,124,54
001133.jpg,1692,2,33860,fallback,0.4958,77,32
001134.jpg,1695,0,33810,fallback,0.5366,84,38
001135.jpg,1695,1,33850,fallback,0.521,81,42
001136.jpg,1695,2,33830,fallback,0.511,79,38
001137.jpg,1700,0,33820,detection,0.7379,57,185
001138.jpg,1716,0,33970,detection,0.6332,64,45
001139.jpg,1717,0,34260,fallback,0.6555,543,258
001140.jpg,1717,1,34240,fallback,0.647,513,260
001141.jpg,1717,2,34210,fallback,0.6401,497,267
001142.jpg,1718,0,34080,fallback,0.6664,539,236
001143.jpg,1718,1,34020,fallback,0.6428,473,277
001144.jpg,1719,0,34070,fallback,0.6673,552,234
001145.jpg,1721,0,34050,fallback,0.6153,206,148
001146.jpg,1721,1,34070,fallback,0.6135,218,150
001147.jpg,1721,2,34090,fallback,0.6114,228,153
001148.jpg,1724,0,34070,detection,0.8603,141,93
001149.jpg,1724,1,34090,detection,0.8503,172,102
001150.jpg,1724,2,34120,detection,0.8344,209,94
001151.jpg,1725,0,34180,fallback,0.5801,89,63
001152.jpg,1725,1,34150,fallback,0.5766,87,62
001153.jpg,1725,2,34070,fallback,0.5586,84,62
001154.jpg,1727,0,34160,fallback,0.4921,76,32
001155.jpg,1729,0,34240,fallback,0.566,81,60
001156.jpg,1729,1,34210,fallback,0.5232,75,50
001157.jpg,1736,0,34420,detection,0.7395,63,61
001158.jpg,1737,0,34300,fallback,0.4939,94,35
001159.jpg,1737,1,34340,fallback,0.4931,98,35
001160.jpg,1737,2,34360,fallback,0.4776,85,34
001161.jpg,1738,0,34760,detection,0.7786,64,103
001162.jpg,1738,1,34880,detection,0.7679,53,103
001163.jpg,1738,2,34830,detection,0.7528,70,79
001164.jpg,1739,0,34570,fallback,0.535,86,44
001165.jpg,1739,1,34590,fallback,0.5325,84,46
001166.jpg,1740,0,34510,fallback,0.5419,89,44
001167.jpg,1740,1,34440,fallback,0.5374,86,44
001168.jpg,1740,2,34410,fallback,0.5368,86,44
001169.jpg,1743,0,34320,fallback,0.5321,42,46
001170.jpg,1747,0,34630,fallback,0.5266,64,50
001171.jpg,1747,1,34520,fallback,0.493,72,34
001172.jpg,1750,0,34890,detection,0.6987,70,46
001173.jpg,1750,1,34930,detection,0.6533,70,44
001174.jpg,1752,0,35290,fallback,0.6325,321,193
001175.jpg,1752,1,35040,fallback,0.6316,164,188
001176.jpg,1752,2,35060,fallback,0.6311,173,198
001177.jpg,1753,0,35040,detection,0.6344,30,42
001178.jpg,1753,1,35110,detection,0.6299,45,35
001179.jpg,1753,2,35090,detection,0.6205,53,35
001180.jpg,1754,0,35190,fallback,0.6126,111,84
001181.jpg,1754,1,35210,fallback,0.6088,123,84
001182.jpg,1754,2,35230,fallback,0.607,112,84
001183.jpg,1755,0,35150,fallback,0.4871,149,34
001184.jpg,1760,0,35240,fallback,0.6015,70,172
001185.jpg,1771,0,35360,fallback,0.541,97,42
001186.jpg,1776,0,35510,detection,0.744,148,58
001187.jpg,1776,1,35360,detection,0.495,92,45
001188.jpg,1783,0,35550,detection,0.8709,86,79
001189.jpg,1783,1,35520,detection,0.7972,157,70
001190.jpg,1783,2,35500,detection,0.7613,147,61
001191.jpg,1784,0,35930,detection,0.8288,107,68
001192.jpg,1784,1,35950,detection,0.8215,70,68
001193.jpg,1784,2,35880,detection,0.7641,130,59
001194.jpg,1786,0,35520,fallback,0.6574,235,60
001195.jpg,1789,0,35370,fallback,0.6203,158,75
001196.jpg,1789,1,35340,fallback,0.615,155,71
001197.jpg,1789,2,35410,fallback,0.6049,155,60
001198.jpg,1792,0,35440,fallback,0.6097,92,72
001199.jpg,1792,1,35370,fallback,0.6059,97,71
001200.jpg,1792,2,35390,fallback,0.6043,96,71
001201.jpg,1794,0,35770,fallback,0.6261,167,64
001202.jpg,1794,1,35730,fallback,0.6217,162,62
001203.jpg,1794,2,35670,fallback,0.6074,148,58
001204.jpg,1797,0,35420,fallback,0.6102,81,72
001205.jpg,1799,0,35500,fallback,0.5085,75,32
001206.jpg,1800,0,35800,detection,0.6782,70,44
001207.jpg,1800,1,35620,detection,0.6549,63,38
001208.jpg,1800,2,35600,detection,0.6333,58,36
001209.jpg,1801,0,35750,fallback,0.5749,132,42
001210.jpg,1801,1,35700,fallback,0.5738,130,41
001211.jpg,1801,2,35720,fallback,0.5705,132,41
001212.jpg,1802,0,35720,fallback,0.7035,344,92
001213.jpg,1802,1,35700,fallback,0.7003,326,88
001214.jpg,1802,2,35680,fallback,0.7001,311,86
001215.jpg,1807,0,35530,fallback,0.6562,227,94
001216.jpg,1807,1,35770,fallback,0.5975,225,130
001217.jpg,1808,0,35610,fallback,0.6333,259,102
001218.jpg,1808,1,35630,fallback,0.6129,218,103
001219.jpg,1808,2,35650,fallback,0.5949,198,106
001220.jpg,1810,0,35700,fallback,0.6381,110,157
001221.jpg,1810,1,35720,fallback,0.6345,91,147
001222.jpg,1810,2,35770,fallback,0.6318,104,114
001223.jpg,1815,0,35590,fallback,0.5804,97,62
001224.jpg,1815,1,35530,fallback,0.5675,71,59
001225.jpg,1815,2,35630,fallback,0.5551,79,54
001226.jpg,1817,0,36370,fallback,0.6317,156,84
001227.jpg,1817,1,36390,fallback,0.6299,162,85
001228.jpg,1817,2,36340,fallback,0.6259,145,80
001229.jpg,1823,0,35650,detection,0.6472,54,36
001230.jpg,1824,0,35690,fallback,0.6404,126,76
001231.jpg,1824,1,35640,fallback,0.6358,128,78
001232.jpg,1830,0,35770,fallback,0.5622,98,51
001233.jpg,1832,0,36030,detection,0.6234,26,49
001234.jpg,1832,1,36000,detection,0.5876,25,40
001235.jpg,1832,2,35980,detection,0.5817,21,43
001236.jpg,1840,0,35860,fallback,0.6317,250,148
001237.jpg,1845,0,35930,fallback,0.5991,385,451
001238.jpg,1845,1,35840,fallback,0.5844,723,427
001239.jpg,1845,2,35860,fallback,0.5825,741,444
001240.jpg,1847,0,36130,detection,0.8584,94,77
001241.jpg,1847,1,36150,detection,0.8573,89,78
001242.jpg,1847,2,36170,detection,0.8377,96,95
001243.jpg,1854,0,35890,fallback,0.6159,70,94
001244.jpg,1861,0,36420,detection,0.7193,75,58
001245.jpg,1867,0,35880,fallback,0.5476,87,46
001246.jpg,1871,0,35970,fallback,0.5718,111,54
001247.jpg,1871,1,35920,fallback,0.5699,105,52
001248.jpg,1873,0,36240,fallback,0.6556,194,78
001249.jpg,1873,1,36260,fallback,0.6344,161,79
001250.jpg,1873,2,36180,fallback,0.6267,185,67
001251.jpg,1874,0,36120,fallback,0.5142,93,36
001252.jpg,1874,1,36050,fallback,0.5005,87,36
001253.jpg,1874,2,36140,fallback,0.4967,93,35
001254.jpg,1876,0,36260,fallback,0.5609,106,53
001255.jpg,1876,1,36310,fallback,0.5531,89,60
001256.jpg,1876,2,36200,fallback,0.5497,104,50
001257.jpg,1877,0,36290,fallback,0.5388,107,42
001258.jpg,1877,1,36270,fallback,0.5383,107,42
001259.jpg,1877,2,36310,fallback,0.5329,107,41
001260.jpg,1878,0,36180,fallback,0.5204,93,40
001261.jpg,1878,1,35940,fallback,0.4442,70,33
001262.jpg,1878,2,35920,fallback,0.4387,67,33
001263.jpg,1882,0,36000,fallback,0.5537,97,52
001264.jpg,1883,0,36010,fallback,0.5246,65,51
001265.jpg,1884,0,36130,fallback,0.5278,89,46
001266.jpg,1884,1,36160,fallback,0.5234,87,46
001267.jpg,1888,0,36190,fallback,0.5661,112,54
001268.jpg,1893,0,36360,fallback,0.5391,113,41
001269.jpg,1893,1,36380,fallback,0.5281,104,40
001270.jpg,1899,0,36410,fallback,0.6405,123,80
001271.jpg,1899,1,36430,fallback,0.6219,149,95
001272.jpg,1899,2,36370,fallback,0.5306,99,43
001273.jpg,1901,0,36420,fallback,0.6446,174,84
001274.jpg,1901,1,36440,fallback,0.6429,179,85
001275.jpg,1908,0,36580,detection,0.7355,158,190
001276.jpg,1909,0,36700,fallback,0.6483,157,84
001277.jpg,1915,0,36570,detection,0.8729,92,67
001278.jpg,1915,1,36620,detection,0.861,105,68
001279.jpg,1915,2,36590,detection,0.8607,95,64
001280.jpg,1943,0,36520,fallback,0.5818,128,52
001281.jpg,1944,0,37050,fallback,0.6096,244,129
001282.jpg,1944,1,37070,fallback,0.6073,235,128
001283.jpg,1944,2,37090,fallback,0.5881,198,128
001284.jpg,1947,0,36530,detection,0.7866,71,72
001285.jpg,1948,0,36540,fallback,0.5986,173,146
001286.jpg,1949,0,36550,detection,0.6639,61,37
001287.jpg,1949,1,36580,detection,0.6071,67,35
001288.jpg,1950,0,36730,fallback,0.615,156,94
001289.jpg,1950,1,36610,fallback,0.5997,174,128
001290.jpg,1950,2,36570,fallback,0.597,137,130
001291.jpg,1952,0,36740,fallback,0.6252,164,98
001292.jpg,1954,0,36620,fallback,0.6337,173,71
001293.jpg,1954,1,36560,fallback,0.6135,150,66
001294.jpg,1954,2,36580,fallback,0.6127,154,67
001295.jpg,1955,0,36580,fallback,0.6407,164,86
001296.jpg,1955,1,36600,fallback,0.6339,167,94
001297.jpg,1955,2,36650,fallback,0.6249,162,98
001298.jpg,1957,0,36620,fallback,0.6235,171,101
001299.jpg,1957,1,36580,fallback,0.6193,129,78
001300.jpg,1958,0,36580,fallback,0.6184,129,75
001301.jpg,1960,0,36750,fallback,0.6228,166,103
001302.jpg,1960,1,37150,fallback,0.607,157,120
001303.jpg,1960,2,37060,fallback,0.5975,129,114
001304.jpg,1961,0,37310,fallback,0.6471,200,70
001305.jpg,1963,0,36620,fallback,0.6246,139,86
001306.jpg,1963,1,36640,fallback,0.6232,136,93
001307.jpg,1966,0,36640,fallback,0.5927,141,112
001308.jpg,1967,0,36670,fallback,0.6394,168,94
001309.jpg,1968,0,36650,detection,0.6004,64,35
001310.jpg,1970,0,36730,detection,0.7978,84,58
001311.jpg,1971,0,36680,fallback,0.6411,188,101
001312.jpg,1973,0,36870,detection,0.8941,105,81
001313.jpg,1973,1,36890,detection,0.8874,110,92
001314.jpg,1973,2,36920,detection,0.8757,118,113
001315.jpg,1984,0,36820,fallback,0.6096,157,54
001316.jpg,1985,0,36750,detection,0.6635,70,44
001317.jpg,1985,1,36810,detection,0.6436,84,40
001318.jpg,1985,2,36770,detection,0.6244,71,36
001319.jpg,1986,0,36910,fallback,0.6145,228,164
001320.jpg,1997,0,36960,fallback,0.693,322,104
001321.jpg,1997,1,36750,fallback,0.617,80,105
001322.jpg,2003,0,37040,fallback,0.6366,174,129
001323.jpg,2003,1,37070,fallback,0.6321,253,184
001324.jpg,2007,0,36790,fallback,0.585,136,49
001325.jpg,2008,0,36790,fallback,0.5529,88,41
001326.jpg,2010,0,36840,fallback,0.6865,231,84
001327.jpg,2010,1,36870,fallback,0.6854,236,94
001328.jpg,2016,0,36920,fallback,0.6291,175,60
001329.jpg,2021,0,36950,fallback,0.6277,201,166
001330.jpg,2025,0,37190,detection,0.7672,89,111
001331.jpg,2025,1,37110,detection,0.7538,76,93
001332.jpg,2025,2,37160,detection,0.7522,80,101
001333.jpg,2029,0,36890,fallback,0.5424,80,52
001334.jpg,2030,0,36890,fallback,0.5799,124,34
001335.jpg,2030,1,36910,fallback,0.5631,107,32
001336.jpg,2032,0,36900,fallback,0.539,103,33
001337.jpg,2040,0,36970,fallback,0.6291,183,60
001338.jpg,2043,0,37240,fallback,0.7324,618,144
001339.jpg,2072,0,37100,fallback,0.6108,174,122
001340.jpg,2072,1,37080,fallback,0.5948,178,154
001341.jpg,2072,2,37140,fallback,0.5916,157,120
001342.jpg,2073,0,37060,fallback,0.6042,139,42
001343.jpg,2075,0,37150,fallback,0.6096,173,38
001344.jpg,2075,1,37170,fallback,0.6068,176,38
001345.jpg,2075,2,37190,fallback,0.6043,180,40
001346.jpg,2076,0,37110,fallback,0.5943,135,130
001347.jpg,2076,1,37170,fallback,0.5914,172,128
001348.jpg,2076,2,37130,fallback,0.5902,142,132
001349.jpg,2078,0,37180,fallback,0.5252,88,34
001350.jpg,2078,1,37120,fallback,0.5016,84,32
001351.jpg,2078,2,37100,fallback,0.4961,84,32
001352.jpg,2079,0,37110,fallback,0.6182,172,98
001353.jpg,2080,0,37200,detection,0.7908,84,94
001354.jpg,2094,0,38130,detection,0.8737,344,78
001355.jpg,2094,1,38430,detection,0.8735,220,150
001356.jpg,2094,2,38160,detection,0.8722,328,80
001357.jpg,2108,0,37820,detection,0.7226,76,46
001358.jpg,2108,1,37630,detection,0.7117,76,44
001359.jpg,2108,2,37840,detection,0.7055,77,44
001360.jpg,2110,0,37340,fallback,0.6218,132,76
001361.jpg,2111,0,37580,fallback,0.6125,101,78
001362.jpg,2111,1,37600,fallback,0.6098,105,77
001363.jpg,2111,2,37530,fallback,0.6004,103,75
001364.jpg,2113,0,37450,fallback,0.7204,347,94
001365.jpg,2113,1,37470,fallback,0.7083,296,94
001366.jpg,2113,2,37490,fallback,0.6873,224,88
001367.jpg,2115,0,37510,fallback,0.5598,78,59
001368.jpg,2118,0,37770,fallback,0.6213,113,80
001369.jpg,2118,1,37790,fallback,0.6193,104,84
001370.jpg,2118,2,37810,fallback,0.5957,61,71
001371.jpg,2122,0,38280,fallback,0.6266,61,166
001372.jpg,2122,1,38340,fallback,0.626,71,171
001373.jpg,2122,2,38370,fallback,0.6242,72,171
001374.jpg,2123,0,38440,detection,0.7265,70,45
001375.jpg,2123,1,38490,detection,0.7176,68,43
001376.jpg,2123,2,38530,detection,0.6945,77,42
001377.jpg,2124,0,38480,fallback,0.6067,123,86
001378.jpg,2124,1,38520,fallback,0.5973,133,84
001379.jpg,2124,2,38560,fallback,0.5838,122,75
001380.jpg,2125,0,38870,fallback,0.5336,111,36
001381.jpg,2125,1,38820,fallback,0.5328,112,34
001382.jpg,2125,2,38840,fallback,0.532,113,34
001383.jpg,2131,0,38830,fallback,0.5824,120,46
001384.jpg,2131,1,38860,fallback,0.5707,108,44
001385.jpg,2131,2,38880,fallback,0.5686,104,43
001386.jpg,2138,0,38970,detection,0.6741,76,36
001387.jpg,2143,0,38980,detection,0.8253,86,96
001388.jpg,2155,0,39180,detection,0.8677,125,82
001389.jpg,2155,1,39100,detection,0.8223,188,81
001390.jpg,2155,2,39130,detection,0.8174,208,85
001391.jpg,2156,0,39050,fallback,0.6753,284,66
001392.jpg,2156,1,39070,fallback,0.6269,146,60
001393.jpg,2158,0,39220,detection,0.8083,175,225
001394.jpg,2158,1,39300,detection,0.807,162,210
001395.jpg,2158,2,39320,detection,0.7654,93,45
001396.jpg,2159,0,39100,fallback,0.582,128,42
001397.jpg,2159,1,39080,fallback,0.5711,131,38
001398.jpg,2159,2,39060,fallback,0.5704,130,40
001399.jpg,2160,0,39060,fallback,0.644,211,106
001400.jpg,2160,1,39030,fallback,0.6436,211,102
001401.jpg,2160,2,39210,fallback,0.6421,232,132
001402.jpg,2161,0,39110,detection,0.693,53,42
001403.jpg,2164,0,39140,fallback,0.6471,217,52
001404.jpg,2164,1,39160,fallback,0.6054,227,49
001405.jpg,2165,0,39140,fallback,0.5877,118,68
001406.jpg,2173,0,39450,detection,0.7127,78,42
001407.jpg,2177,0,39250,fallback,0.6731,647,188
001408.jpg,2196,0,39310,fallback,0.719,690,190
001409.jpg,2196,1,39330,fallback,0.6924,444,166
001410.jpg,2207,0,39420,detection,0.7365,78,41
001411.jpg,2212,0,39570,detection,0.7712,95,93
001412.jpg,2212,1,39400,detection,0.7358,68,144
001413.jpg,2212,2,39440,detection,0.6735,64,41
001414.jpg,2214,0,39350,detection,0.6518,67,35
001415.jpg,2222,0,39390,detection,0.7044,76,40
001416.jpg,2224,0,39400,fallback,0.6472,202,63
001417.jpg,2225,0,39400,fallback,0.6175,184,62
001418.jpg,2226,0,39430,detection,0.742,103,44
001419.jpg,2251,0,39650,fallback,0.6372,174,58
001420.jpg,2251,1,39630,fallback,0.6365,172,55
001421.jpg,2251,2,39760,fallback,0.6355,190,58
001422.jpg,2267,0,39820,detection,0.8338,208,80
001423.jpg,2267,1,39770,detection,0.8109,185,69
001424.jpg,2267,2,39840,detection,0.8009,113,69
001425.jpg,2272,0,39710,detection,0.7079,63,52
001426.jpg,2292,0,40030,detection,0.9402,114,98
001427.jpg,2292,1,39880,detection,0.872,110,95
001428.jpg,2292,2,39860,detection,0.841,124,71
001429.jpg,2296,0,39820,fallback,0.6033,183,58
001430.jpg,2296,1,39840,fallback,0.5964,159,59
001431.jpg,2296,2,39790,fallback,0.5913,167,55
001432.jpg,2298,0,39880,fallback,0.6035,155,49
001433.jpg,2298,1,39740,fallback,0.5411,119,45
001434.jpg,2298,2,39760,fallback,0.5313,127,42
001435.jpg,2301,0,39790,fallback,0.6242,154,54
001436.jpg,2306,0,39850,fallback,0.6265,165,54
001437.jpg,2307,0,39880,fallback,0.6448,158,72
001438.jpg,2308,0,40110,detection,0.6929,44,41
001439.jpg,2330,0,40130,fallback,0.6891,432,93
001440.jpg,2330,1,40070,fallback,0.6872,381,92
001441.jpg,2330,2,40110,fallback,0.6861,410,88
001442.jpg,2331,0,40120,fallback,0.6538,566,315
001443.jpg,2331,1,40140,fallback,0.645,390,305
001444.jpg,2331,2,40050,fallback,0.6438,415,374
001445.jpg,2338,0,40060,detection,0.6897,60,36
001446.jpg,2338,1,40090,detection,0.6875,68,35
001447.jpg,2339,0,40060,detection,0.8855,78,69
001448.jpg,2339,1,40090,detection,0.8304,70,52
001449.jpg,2341,0,40070,detection,0.6701,42,44
001450.jpg,2342,0,40140,detection,0.7627,59,85
001451.jpg,2343,0,40090,fallback,0.6938,235,76
001452.jpg,2347,0,40130,fallback,0.6862,269,94
001453.jpg,2349,0,40370,detection,0.6717,43,35
001454.jpg,2369,0,40440,detection,0.6379,52,36
001455.jpg,2369,1,40420,detection,0.6101,50,33
001456.jpg,2371,0,40440,fallback,0.6063,168,67
001457.jpg,2375,0,40250,fallback,0.7335,391,107
001458.jpg,2378,0,40240,detection,0.7844,123,106
001459.jpg,2378,1,40350,detection,0.5702,55,34
001460.jpg,2380,0,40510,detection,0.7258,39,118
001461.jpg,2381,0,40290,fallback,0.6757,228,72
001462.jpg,2381,1,40440,fallback,0.6687,169,78
001463.jpg,2381,2,40330,fallback,0.6602,170,71
001464.jpg,2383,0,40350,fallback,0.666,445,172
001465.jpg,2383,1,40370,fallback,0.6333,252,176
001466.jpg,2384,0,40420,detection,0.7947,115,103
001467.jpg,2384,1,40380,detection,0.7643,72,85
001468.jpg,2385,0,40490,detection,0.7078,76,42
001469.jpg,2385,1,40600,detection,0.7025,123,50
001470.jpg,2385,2,41070,detection,0.6604,124,53
001471.jpg,2387,0,40390,fallback,0.6342,226,54
001472.jpg,2387,1,40420,fallback,0.6331,244,54
001473.jpg,2387,2,40450,fallback,0.6204,243,52
001474.jpg,2389,0,40420,fallback,0.5407,107,33
001475.jpg,2389,1,40440,fallback,0.536,111,34
001476.jpg,2390,0,40400,fallback,0.4478,76,34
001477.jpg,2393,0,40590,detection,0.8975,112,80
001478.jpg,2393,1,40610,detection,0.7936,145,139
001479.jpg,2393,2,40530,detection,0.6863,61,46
001480.jpg,2395,0,40930,detection,0.8805,168,127
001481.jpg,2395,1,40950,detection,0.8712,158,142
001482.jpg,2395,2,40870,detection,0.857,180,110
001483.jpg,2396,0,40810,fallback,0.6825,217,78
001484.jpg,2396,1,40750,fallback,0.6648,200,71
001485.jpg,2396,2,40890,fallback,0.6528,168,88
001486.jpg,2397,0,41600,detection,0.7201,79,49
001487.jpg,2397,1,41550,detection,0.7078,76,45
001488.jpg,2397,2,41570,detection,0.7068,78,46
001489.jpg,2401,0,40960,detection,0.8274,78,59
001490.jpg,2401,1,40900,detection,0.6148,60,33
001491.jpg,2405,0,40660,fallback,0.53,79,34
001492.jpg,2405,1,40690,fallback,0.5245,77,34
001493.jpg,2405,2,40630,fallback,0.52,75,33
001494.jpg,2408,0,40910,fallback,0.5631,106,41
001495.jpg,2408,1,40800,fallback,0.5554,103,38
001496.jpg,2408,2,40730,fallback,0.5512,102,34
001497.jpg,2412,0,40930,fallback,0.6199,205,119
001498.jpg,2418,0,41980,detection,0.8867,148,119
001499.jpg,2418,1,41870,detection,0.8859,163,128
001500.jpg,2418,2,41950,detection,0.8478,180,136
001501.jpg,2436,0,41000,fallback,0.5701,107,43
001502.jpg,2436,1,41020,fallback,0.5559,96,42
001503.jpg,2438,0,41120,detection,0.8995,140,89
001504.jpg,2438,1,41040,detection,0.6816,49,35
001505.jpg,2439,0,40870,fallback,0.5125,68,32
001506.jpg,2442,0,41030,fallback,0.6839,250,90
001507.jpg,2442,1,41050,fallback,0.6828,254,94
001508.jpg,2442,2,41010,fallback,0.6802,237,88
001509.jpg,2443,0,41090,fallback,0.5532,89,44
001510.jpg,2443,1,41010,fallback,0.5377,62,49
001511.jpg,2445,0,41060,fallback,0.516,72,36
001512.jpg,2450,0,41170,fallback,0.54,95,37
001513.jpg,2451,0,41220,fallback,0.6923,315,119
001514.jpg,2451,1,41180,fallback,0.6896,304,107
001515.jpg,2451,2,41200,fallback,0.6881,305,112
001516.jpg,2453,0,41230,fallback,0.5648,98,46
001517.jpg,2458,0,41380,fallback,0.6357,144,102
001518.jpg,2463,0,41450,detection,0.8296,72,66
001519.jpg,2463,1,41420,detection,0.773,62,45
001520.jpg,2464,0,41440,fallback,0.638,112,84
001521.jpg,2464,1,41460,fallback,0.6337,114,98
001522.jpg,2464,2,41380,fallback,0.5838,63,62
001523.jpg,2465,0,41390,fallback,0.5847,115,53
001524.jpg,2465,1,41510,fallback,0.5588,79,53
001525.jpg,2466,0,41500,fallback,0.5725,114,50
001526.jpg,2476,0,41570,fallback,0.5626,42,53
001527.jpg,2478,0,41620,fallback,0.6275,119,106
001528.jpg,2480,0,41650,fallback,0.5418,50,46
001529.jpg,2486,0,42040,fallback,0.6794,500,206
001530.jpg,2486,1,41950,fallback,0.667,443,218
001531.jpg,2486,2,41910,fallback,0.6492,310,170
001532.jpg,2489,0,41940,fallback,0.6133,168,130
001533.jpg,2489,1,41970,fallback,0.6115,150,132
001534.jpg,2489,2,42060,fallback,0.6103,72,133
001535.jpg,2490,0,42110,fallback,0.6871,435,183
001536.jpg,2490,1,41970,fallback,0.6806,495,202
001537.jpg,2490,2,42000,fallback,0.6787,457,190
001538.jpg,2493,0,42110,detection,0.902,122,107
001539.jpg,2493,1,42070,detection,0.8808,102,94
001540.jpg,2493,2,42040,detection,0.8731,95,90
001541.jpg,2499,0,42180,fallback,0.5901,150,42
001542.jpg,2499,1,42200,fallback,0.5898,149,42
001543.jpg,2499,2,42150,fallback,0.5884,149,41
001544.jpg,2500,0,42290,fallback,0.7197,417,102
001545.jpg,2500,1,42210,fallback,0.7144,458,102
001546.jpg,2501,0,42270,fallback,0.6214,201,50
001547.jpg,2501,1,42180,fallback,0.6115,176,49
001548.jpg,2503,0,42200,fallback,0.7079,383,102
001549.jpg,2503,1,42160,fallback,0.706,372,98
001550.jpg,2503,2,42140,fallback,0.7047,366,98
001551.jpg,2504,0,42170,detection,0.8522,123,123
001552.jpg,2504,1,42150,detection,0.8382,122,121
001553.jpg,2504,2,42240,detection,0.8153,110,131
001554.jpg,2506,0,42190,fallback,0.6501,231,54
001555.jpg,2507,0,42980,detection,0.8788,106,102
001556.jpg,2507,1,42680,detection,0.8125,206,113
001557.jpg,2507,2,42770,detection,0.7907,158,114
001558.jpg,2509,0,42250,fallback,0.6032,122,68
001559.jpg,2510,0,42320,fallback,0.7096,843,176
001560.jpg,2510,1,42400,fallback,0.7067,948,268
001561.jpg,2510,2,42340,fallback,0.7026,995,210
001562.jpg,2515,0,42520,fallback,0.7104,400,88
001563.jpg,2515,1,42480,fallback,0.7092,405,96
001564.jpg,2516,0,42540,fallback,0.7201,522,122
001565.jpg,2516,1,42580,fallback,0.7103,493,112
001566.jpg,2518,0,42800,fallback,0.6998,472,130
001567.jpg,2518,1,42850,fallback,0.6994,465,123
001568.jpg,2518,2,42820,fallback,0.6952,467,127
001569.jpg,2519,0,42460,fallback,0.6814,214,76
001570.jpg,2521,0,42490,fallback,0.6161,113,72
001571.jpg,2521,1,42510,fallback,0.5445,60,54
001572.jpg,2522,0,42780,fallback,0.6754,258,60
001573.jpg,2522,1,42860,fallback,0.6559,197,68
001574.jpg,2525,0,42570,fallback,0.6896,261,86
001575.jpg,2527,0,42590,fallback,0.6539,214,55
001576.jpg,2527,1,42610,fallback,0.5726,116,44
001577.jpg,2529,0,42890,fallback,0.704,615,124
001578.jpg,2533,0,42710,fallback,0.7221,429,110
001579.jpg,2535,0,42790,fallback,0.6381,82,182
001580.jpg,2539,0,42870,fallback,0.6599,240,59
001581.jpg,2539,1,42890,fallback,0.6562,259,59
001582.jpg,2539,2,42910,fallback,0.6184,257,52
001583.jpg,2540,0,42940,fallback,0.6594,193,62
001584.jpg,2540,1,42910,fallback,0.6522,189,61
001585.jpg,2548,0,42910,fallback,0.4399,130,38
001586.jpg,2550,0,43110,detection,0.8896,112,102
001587.jpg,2550,1,42960,detection,0.882,111,87
001588.jpg,2550,2,43030,detection,0.8813,94,92
001589.jpg,2560,0,43170,fallback,0.6427,193,60
001590.jpg,2560,1,43220,fallback,0.6372,194,58
001591.jpg,2560,2,43190,fallback,0.636,191,59
001592.jpg,2562,0,43010,fallback,0.7038,431,124
001593.jpg,2563,0,44440,detection,0.8909,175,104
001594.jpg,2563,1,44830,detection,0.8854,75,84
001595.jpg,2563,2,44400,detection,0.8854,190,103
001596.jpg,2564,0,43050,fallback,0.7216,518,130
001597.jpg,2564,1,43010,fallback,0.7033,426,124
001598.jpg,2564,2,43090,fallback,0.701,617,118
001599.jpg,2565,0,43070,fallback,0.6709,279,60
001600.jpg,2565,1,43030,fallback,0.6115,176,42
001601.jpg,2579,0,43220,detection,0.8442,90,114
001602.jpg,2579,1,43200,detection,0.8413,79,115
001603.jpg,2579,2,43150,detection,0.8305,78,115
001604.jpg,2580,0,43170,fallback,0.6959,565,107
001605.jpg,2586,0,44370,detection,0.8895,167,153
001606.jpg,2586,1,44350,detection,0.8869,173,156
001607.jpg,2586,2,44390,detection,0.8846,139,124
001608.jpg,2587,0,44790,detection,0.7524,90,46
001609.jpg,2587,1,44020,detection,0.7384,76,42
001610.jpg,2587,2,44770,detection,0.7375,85,46
001611.jpg,2588,0,43450,fallback,0.5495,101,60
001612.jpg,2588,1,43530,fallback,0.5415,94,60
001613.jpg,2588,2,43550,fallback,0.5384,93,60
001614.jpg,2589,0,43380,fallback,0.4041,54,32
001615.jpg,2589,1,43280,fallback,0.3975,55,32
001616.jpg,2589,2,43310,fallback,0.3585,54,32
001617.jpg,2590,0,43310,fallback,0.5739,47,60
001618.jpg,2591,0,43820,fallback,0.4264,50,32
001619.jpg,2591,1,43860,fallback,0.421,49,34
001620.jpg,2591,2,43800,fallback,0.4088,53,33
001621.jpg,2592,0,43510,fallback,0.4618,68,34
001622.jpg,2592,1,43540,fallback,0.4536,60,34
001623.jpg,2594,0,44010,fallback,0.4963,63,40
001624.jpg,2594,1,43980,fallback,0.4788,62,36
001625.jpg,2594,2,43950,fallback,0.4596,55,34
001626.jpg,2596,0,43690,fallback,0.4339,62,35
001627.jpg,2596,1,43730,fallback,0.4283,68,36
001628.jpg,2596,2,43820,fallback,0.4234,60,34
001629.jpg,2597,0,44720,fallback,0.6124,61,86
001630.jpg,2597,1,44190,fallback,0.6117,88,78
001631.jpg,2597,2,44120,fallback,0.6113,95,79
001632.jpg,2602,0,43950,fallback,0.4397,43,34
001633.jpg,2616,0,44330,fallback,0.6386,166,118
001634.jpg,2616,1,44350,fallback,0.6176,105,72
001635.jpg,2623,0,44520,fallback,0.4706,50,36
001636.jpg,2623,1,44590,fallback,0.4696,52,35
001637.jpg,2623,2,44540,fallback,0.4476,44,34
001638.jpg,2625,0,44650,fallback,0.4669,69,36
001639.jpg,2626,0,44660,fallback,0.4534,62,34
001640.jpg,2632,0,45000,fallback,0.5979,286,107
001641.jpg,2633,0,45110,fallback,0.564,210,94
001642.jpg,2633,1,45130,fallback,0.5501,199,93
001643.jpg,2634,0,45280,fallback,0.59,164,53
001644.jpg,2637,0,45470,detection,0.8841,78,101
001645.jpg,2637,1,45420,detection,0.8025,53,67
001646.jpg,2637,2,45360,detection,0.7883,85,58
001647.jpg,2648,0,45740,detection,0.7649,84,94
001648.jpg,2648,1,45600,detection,0.7632,95,50
001649.jpg,2648,2,45580,detection,0.7528,95,49
001650.jpg,2651,0,45410,fallback,0.6483,281,132
001651.jpg,2651,1,45430,fallback,0.6339,288,154
001652.jpg,2651,2,45450,fallback,0.618,277,164
001653.jpg,2653,0,45860,detection,0.7072,72,41
001654.jpg,2653,1,45840,detection,0.6989,75,38
001655.jpg,2653,2,45590,detection,0.6852,59,36
001656.jpg,2655,0,45790,fallback,0.6097,139,59
001657.jpg,2655,1,45750,fallback,0.5991,130,54
001658.jpg,2655,2,45810,fallback,0.5778,87,60
001659.jpg,2658,0,45440,fallback,0.6595,211,78
001660.jpg,2658,1,45470,fallback,0.654,245,97
001661.jpg,2658,2,45490,fallback,0.6522,276,110
001662.jpg,2662,0,45520,detection,0.9026,106,122
001663.jpg,2662,1,45540,detection,0.8982,94,123
001664.jpg,2662,2,45500,detection,0.8979,94,114
001665.jpg,2663,0,45520,fallback,0.6064,120,138
001666.jpg,2663,1,45540,fallback,0.5715,53,94
001667.jpg,2666,0,46410,detection,0.939,271,197
001668.jpg,2666,1,46360,detection,0.9317,283,208
001669.jpg,2666,2,46430,detection,0.9313,254,188
001670.jpg,2667,0,45730,detection,0.71,76,62
001671.jpg,2675,0,45970,detection,0.8396,79,62
001672.jpg,2675,1,45770,detection,0.7143,114,62
001673.jpg,2675,2,45930,detection,0.6519,173,52
001674.jpg,2678,0,45900,detection,0.8264,88,70
001675.jpg,2678,1,45930,detection,0.7858,71,62
001676.jpg,2678,2,45980,detection,0.7768,78,61
001677.jpg,2681,0,46140,fallback,0.6424,165,80
001678.jpg,2681,1,46160,fallback,0.6312,150,76
001679.jpg,2681,2,46080,fallback,0.6225,102,94
001680.jpg,2683,0,46430,fallback,0.6655,209,84
001681.jpg,2683,1,46450,fallback,0.6644,215,85
001682.jpg,2683,2,46470,fallback,0.6621,218,87
001683.jpg,2688,0,46310,detection,0.9215,268,193
001684.jpg,2688,1,46500,detection,0.9083,226,172
001685.jpg,2688,2,46520,detection,0.9044,209,166
001686.jpg,2690,0,46430,fallback,0.6363,183,70
001687.jpg,2695,0,46410,fallback,0.6337,44,78
001688.jpg,2696,0,46490,detection,0.6561,63,42
001689.jpg,2697,0,46600,fallback,0.5667,118,52
001690.jpg,2697,1,46580,fallback,0.5658,113,52
001691.jpg,2697,2,46530,fallback,0.561,113,49
001692.jpg,2700,0,46840,fallback,0.6705,241,72
001693.jpg,2700,1,46860,fallback,0.6632,242,71
001694.jpg,2700,2,46880,fallback,0.6546,218,70
001695.jpg,2702,0,46680,detection,0.7248,79,45
001696.jpg,2702,1,46870,detection,0.6861,137,36
001697.jpg,2702,2,46820,detection,0.6551,127,36
001698.jpg,2703,0,46730,fallback,0.5328,33,52
001699.jpg,2706,0,46890,fallback,0.6012,132,58
001700.jpg,2706,1,46910,fallback,0.5948,129,54
001701.jpg,2707,0,46920,fallback,0.5171,114,33
