image,track_id,split,has_plate,plate_text
000001.jpg,1,test,1,unreadable
000002.jpg,1,test,1,unreadable
000003.jpg,1,test,1,unreadable
000004.jpg,2,test,1,unreadable
000005.jpg,2,test,1,unreadable
000006.jpg,2,test,1,unreadable
000007.jpg,3,test,1,51F25005
000008.jpg,3,test,1,unreadable
000009.jpg,3,test,1,unreadable
000010.jpg,4,test,1,unreadable
000011.jpg,4,test,1,unreadable
000012.jpg,4,test,1,unreadable
000013.jpg,5,test,1,TT6579
000014.jpg,5,test,1,TT6579
000015.jpg,5,test,1,TT6579
000016.jpg,6,val,1,unreadable
000017.jpg,6,val,1,unreadable
000018.jpg,6,val,1,unreadable
000019.jpg,7,val,1,unreadable
000020.jpg,7,val,1,unreadable
000021.jpg,7,val,1,unreadable
000022.jpg,8,val,1,unreadable
000023.jpg,8,val,1,unreadable
000024.jpg,8,val,0,no_plate
000025.jpg,9,val,0,no_plate
000026.jpg,9,val,0,no_plate
000027.jpg,9,val,0,no_plate
000028.jpg,10,val,1,unreadable
000029.jpg,12,val,0,no_plate
000030.jpg,12,val,0,no_plate
000031.jpg,13,val,1,unreadable
000032.jpg,13,val,0,no_plate
000033.jpg,13,val,1,unreadable
000034.jpg,14,test,1,unreadable
000035.jpg,14,test,1,unreadable
000036.jpg,16,test,0,no_plate
000037.jpg,18,test,0,no_plate
000038.jpg,18,test,0,no_plate
000039.jpg,19,test,1,unreadable
000040.jpg,19,test,1,unreadable
000041.jpg,20,test,0,no_plate
000042.jpg,23,val,1,unreadable
000043.jpg,24,test,1,unreadable
000044.jpg,25,test,0,no_plate
000045.jpg,28,val,0,no_plate
000046.jpg,44,test,1,unreadable
000047.jpg,44,test,1,unreadable
000048.jpg,44,test,1,unreadable
000049.jpg,48,test,0,no_plate
000050.jpg,48,test,0,no_plate
000051.jpg,48,test,0,no_plate
000052.jpg,49,test,1,unreadable
000053.jpg,49,test,1,unreadable
000054.jpg,49,test,1,unreadable
000055.jpg,51,test,1,unreadable
000056.jpg,59,val,0,no_plate
000057.jpg,62,val,1,unreadable
000058.jpg,62,val,1,unreadable
000059.jpg,62,val,1,unreadable
000060.jpg,66,test,0,no_plate
000061.jpg,67,val,1,unreadable
000062.jpg,67,val,1,unreadable
000063.jpg,68,val,0,no_plate
000064.jpg,70,val,0,no_plate
000065.jpg,70,val,0,no_plate
000066.jpg,73,test,0,no_plate
000067.jpg,74,test,0,no_plate
000068.jpg,75,test,0,no_plate
000069.jpg,76,val,0,no_plate
000070.jpg,77,val,0,no_plate
000071.jpg,77,val,0,no_plate
000072.jpg,77,val,1,unreadable
000073.jpg,80,test,1,unreadable
000074.jpg,83,test,0,no_plate
000075.jpg,86,val,0,no_plate
000076.jpg,86,val,0,no_plate
000077.jpg,86,val,0,no_plate
000078.jpg,89,test,1,unreadable
000079.jpg,96,test,0,no_plate
000080.jpg,96,test,0,no_plate
000081.jpg,96,test,0,no_plate
000082.jpg,100,test,0,no_plate
000083.jpg,102,val,0,no_plate
000084.jpg,103,test,0,no_plate
000085.jpg,103,test,0,no_plate
000086.jpg,103,test,0,no_plate
000087.jpg,105,test,0,no_plate
000088.jpg,105,test,0,no_plate
000089.jpg,105,test,0,no_plate
000090.jpg,109,val,1,unreadable
000091.jpg,109,val,1,unreadable
000092.jpg,109,val,1,unreadable
000093.jpg,110,test,1,unreadable
000094.jpg,110,test,0,no_plate
000095.jpg,112,test,1,unreadable
000096.jpg,112,test,1,unreadable
000097.jpg,113,val,0,no_plate
000098.jpg,135,val,1,30G53562
000099.jpg,135,val,1,30G53562
000100.jpg,135,val,1,30G53562
000101.jpg,136,test,1,unreadable
000102.jpg,136,test,1,unreadable
000103.jpg,137,test,1,unreadable
000104.jpg,137,test,1,unreadable
000105.jpg,137,test,1,unreadable
000106.jpg,139,val,1,unreadable
000107.jpg,140,val,0,no_plate
000108.jpg,144,val,0,no_plate
000109.jpg,144,val,0,no_plate
000110.jpg,145,test,1,unreadable
000111.jpg,145,test,1,unreadable
000112.jpg,145,test,1,unreadable
000113.jpg,149,val,1,unreadable
000114.jpg,150,val,0,no_plate
000115.jpg,150,val,1,unreadable
000116.jpg,152,test,0,no_plate
000117.jpg,153,test,1,unreadable
000118.jpg,153,test,1,unreadable
000119.jpg,163,val,1,unreadable
000120.jpg,163,val,1,unreadable
000121.jpg,165,val,0,no_plate
000122.jpg,170,test,1,unreadable
000123.jpg,176,test,0,no_plate
000124.jpg,176,test,0,no_plate
000125.jpg,176,test,0,no_plate
000126.jpg,178,test,0,no_plate
000127.jpg,181,test,1,30A29381
000128.jpg,181,test,1,30A29381
000129.jpg,181,test,1,30A299381
000130.jpg,182,test,0,no_plate
000131.jpg,183,val,0,no_plate
000132.jpg,185,val,1,30A29381
000133.jpg,185,val,1,30A29381
000134.jpg,186,val,0,no_plate
000135.jpg,186,val,0,no_plate
000136.jpg,188,test,0,no_plate
000137.jpg,188,test,0,no_plate
000138.jpg,189,test,1,30A29381
000139.jpg,189,test,1,30A29381
000140.jpg,189,test,1,30A29381
000141.jpg,192,val,0,no_plate
000142.jpg,192,val,0,no_plate
000143.jpg,197,test,0,no_plate
000144.jpg,197,test,0,no_plate
000145.jpg,199,val,0,no_plate
000146.jpg,199,val,1,unreadable
000147.jpg,200,test,1,30G57583
000148.jpg,204,test,0,no_plate
000149.jpg,211,test,1,30H66868
000150.jpg,211,test,1,30H66868
000151.jpg,211,test,1,30H66868
000152.jpg,212,val,0,no_plate
000153.jpg,212,val,0,no_plate
000154.jpg,212,val,0,no_plate
000155.jpg,214,test,1,unreadable
000156.jpg,216,test,1,unreadable
000157.jpg,216,test,0,no_plate
000158.jpg,222,val,1,29D253493
000159.jpg,222,val,1,29D253493
000160.jpg,222,val,1,29D253494
000161.jpg,231,test,0,no_plate
000162.jpg,233,test,1,unreadable
000163.jpg,233,test,0,no_plate
000164.jpg,233,test,0,no_plate
000165.jpg,242,test,0,no_plate
000166.jpg,247,test,0,no_plate
000167.jpg,249,val,0,no_plate
000168.jpg,250,val,0,no_plate
000169.jpg,251,val,0,no_plate
000170.jpg,251,val,0,no_plate
000171.jpg,251,val,0,no_plate
000172.jpg,254,val,0,no_plate
000173.jpg,254,val,0,no_plate
000174.jpg,254,val,0,no_plate
000175.jpg,256,val,1,unreadable
000176.jpg,263,test,1,30E38828
000177.jpg,263,test,1,30E38828
000178.jpg,263,test,1,30E38828
000179.jpg,265,val,1,unreadable
000180.jpg,267,test,1,unreadable
000181.jpg,267,test,0,no_plate
000182.jpg,270,val,0,no_plate
000183.jpg,270,val,0,no_plate
000184.jpg,270,val,0,no_plate
000185.jpg,271,test,0,no_plate
000186.jpg,275,val,1,unreadable
000187.jpg,277,test,0,no_plate
000188.jpg,280,val,1,unreadable
000189.jpg,280,val,1,unreadable
000190.jpg,280,val,1,unreadable
000191.jpg,299,val,0,no_plate
000192.jpg,300,test,0,no_plate
000193.jpg,300,test,0,no_plate
000194.jpg,300,test,0,no_plate
000195.jpg,302,test,0,no_plate
000196.jpg,302,test,0,no_plate
000197.jpg,302,test,0,no_plate
000198.jpg,305,test,0,no_plate
000199.jpg,305,test,0,no_plate
000200.jpg,312,test,1,unreadable
000201.jpg,316,val,0,no_plate
000202.jpg,319,val,0,no_plate
000203.jpg,323,val,1,unreadable
000204.jpg,325,val,1,unreadable
000205.jpg,327,val,0,no_plate
000206.jpg,327,val,0,no_plate
000207.jpg,327,val,0,no_plate
000208.jpg,329,val,1,unreadable
000209.jpg,329,val,1,unreadable
000210.jpg,329,val,1,unreadable
000211.jpg,331,val,0,no_plate
000212.jpg,331,val,0,no_plate
000213.jpg,332,test,1,unreadable
000214.jpg,332,test,1,unreadable
000215.jpg,332,test,0,no_plate
000216.jpg,333,val,0,no_plate
000217.jpg,333,val,0,no_plate
000218.jpg,334,test,0,no_plate
000219.jpg,334,test,0,no_plate
000220.jpg,334,test,0,no_plate
000221.jpg,335,val,0,no_plate
000222.jpg,335,val,1,unreadable
000223.jpg,336,val,1,unreadable
000224.jpg,336,val,1,unreadable
000225.jpg,336,val,1,unreadable
000226.jpg,339,val,1,unreadable
000227.jpg,339,val,1,unreadable
000228.jpg,339,val,0,no_plate
000229.jpg,340,test,1,unreadable
000230.jpg,343,test,1,unreadable
000231.jpg,345,test,1,unreadable
000232.jpg,346,test,0,no_plate
000233.jpg,346,test,0,no_plate
000234.jpg,354,test,0,no_plate
000235.jpg,355,test,1,unreadable
000236.jpg,355,test,1,unreadable
000237.jpg,357,val,0,no_plate
000238.jpg,359,val,0,no_plate
000239.jpg,359,val,1,unreadable
000240.jpg,362,val,1,unreadable
000241.jpg,364,test,0,no_plate
000242.jpg,366,test,1,unreadable
000243.jpg,374,val,0,no_plate
000244.jpg,374,val,0,no_plate
000245.jpg,374,val,0,no_plate
000246.jpg,381,val,0,no_plate
000247.jpg,382,val,1,unreadable
000248.jpg,387,val,1,unreadable
000249.jpg,387,val,1,unreadable
000250.jpg,387,val,1,unreadable
000251.jpg,388,val,1,90F97753
000252.jpg,388,val,1,90F97753
000253.jpg,388,val,1,90F97753
000254.jpg,389,test,0,no_plate
000255.jpg,394,val,1,unreadable
000256.jpg,394,val,1,unreadable
000257.jpg,398,test,0,no_plate
000258.jpg,402,test,0,no_plate
000259.jpg,402,test,0,no_plate
000260.jpg,402,test,0,no_plate
000261.jpg,406,val,0,no_plate
000262.jpg,406,val,0,no_plate
000263.jpg,406,val,0,no_plate
000264.jpg,411,test,1,unreadable
000265.jpg,412,val,1,29H174167
000266.jpg,412,val,1,unreadable
000267.jpg,412,val,1,unreadable
000268.jpg,413,val,1,unreadable
000269.jpg,413,val,1,unreadable
000270.jpg,418,val,1,unreadable
000271.jpg,419,test,1,unreadable
000272.jpg,425,test,1,unreadable
000273.jpg,426,val,1,30E38828
000274.jpg,426,val,1,30E38828
000275.jpg,426,val,1,30E38828
000276.jpg,428,test,1,29H174167
000277.jpg,428,test,1,29H17416
000278.jpg,428,test,1,29H17416
000279.jpg,429,val,1,unreadable
000280.jpg,430,val,0,no_plate
000281.jpg,430,val,0,no_plate
000282.jpg,434,test,0,no_plate
000283.jpg,438,test,1,unreadable
000284.jpg,439,test,1,unreadable
000285.jpg,440,val,0,no_plate
000286.jpg,441,val,1,unreadable
000287.jpg,444,test,1,30A76290
000288.jpg,444,test,1,30A76290
000289.jpg,444,test,1,30A76290
000290.jpg,447,test,0,no_plate
000291.jpg,448,val,1,unreadable
000292.jpg,458,val,0,no_plate
000293.jpg,460,test,0,no_plate
000294.jpg,461,test,1,30E38828
000295.jpg,461,test,1,30E38828
000296.jpg,463,val,0,no_plate
000297.jpg,463,val,0,no_plate
000298.jpg,463,val,0,no_plate
000299.jpg,464,val,0,no_plate
000300.jpg,464,val,0,no_plate
000301.jpg,464,val,0,no_plate
000302.jpg,465,test,0,no_plate
000303.jpg,468,test,1,unreadable
000304.jpg,468,test,1,unreadable
000305.jpg,468,test,1,unreadable
000306.jpg,469,test,1,29C143385
000307.jpg,469,test,1,29C143385
000308.jpg,469,test,1,29C143385
000309.jpg,470,val,0,no_plate
000310.jpg,471,test,1,unreadable
000311.jpg,471,test,1,unreadable
000312.jpg,472,val,0,no_plate
000313.jpg,476,val,1,unreadable
000314.jpg,478,test,0,no_plate
000315.jpg,478,test,0,no_plate
000316.jpg,478,test,0,no_plate
000317.jpg,480,test,0,no_plate
000318.jpg,480,test,0,no_plate
000319.jpg,480,test,0,no_plate
000320.jpg,482,test,1,unreadable
000321.jpg,483,test,1,unreadable
000322.jpg,483,test,0,no_plate
000323.jpg,483,test,1,unreadable
000324.jpg,484,test,1,unreadable
000325.jpg,484,test,1,unreadable
000326.jpg,484,test,1,unreadable
000327.jpg,488,test,0,no_plate
000328.jpg,488,test,0,no_plate
000329.jpg,488,test,0,no_plate
000330.jpg,490,test,0,no_plate
000331.jpg,496,test,0,no_plate
000332.jpg,497,val,0,no_plate
000333.jpg,500,val,1,unreadable
000334.jpg,500,val,1,unreadable
000335.jpg,507,val,0,no_plate
000336.jpg,507,val,0,no_plate
000337.jpg,507,val,0,no_plate
000338.jpg,510,test,0,no_plate
000339.jpg,514,val,0,no_plate
000340.jpg,514,val,0,no_plate
000341.jpg,514,val,0,no_plate
000342.jpg,517,val,1,unreadable
000343.jpg,517,val,1,unreadable
000344.jpg,517,val,1,unreadable
000345.jpg,519,test,0,no_plate
000346.jpg,520,val,0,no_plate
000347.jpg,522,test,0,no_plate
000348.jpg,522,test,0,no_plate
000349.jpg,522,test,0,no_plate
000350.jpg,523,val,0,no_plate
000351.jpg,523,val,0,no_plate
000352.jpg,524,test,0,no_plate
000353.jpg,528,val,0,no_plate
000354.jpg,528,val,0,no_plate
000355.jpg,539,test,1,29C143385
000356.jpg,539,test,1,29C143385
000357.jpg,543,test,1,30H86
000358.jpg,543,test,0,no_plate
000359.jpg,543,test,0,no_plate
000360.jpg,545,val,0,no_plate
000361.jpg,560,test,0,no_plate
000362.jpg,560,test,0,no_plate
000363.jpg,561,test,0,no_plate
000364.jpg,561,test,0,no_plate
000365.jpg,564,test,1,88828
000366.jpg,564,test,1,88828
000367.jpg,564,test,1,88828
000368.jpg,565,test,0,no_plate
000369.jpg,565,test,0,no_plate
000370.jpg,568,test,0,no_plate
000371.jpg,568,test,0,no_plate
000372.jpg,568,test,0,no_plate
000373.jpg,569,test,0,no_plate
000374.jpg,569,test,0,no_plate
000375.jpg,570,test,1,30H86534
000376.jpg,570,test,0,no_plate
000377.jpg,571,val,1,30H86534
000378.jpg,571,val,1,30H86534
000379.jpg,571,val,1,30H86534
000380.jpg,573,test,0,no_plate
000381.jpg,573,test,0,no_plate
000382.jpg,579,val,0,no_plate
000383.jpg,583,test,0,no_plate
000384.jpg,585,test,0,no_plate
000385.jpg,585,test,0,no_plate
000386.jpg,591,test,1,88828
000387.jpg,591,test,0,no_plate
000388.jpg,591,test,1,88828
000389.jpg,592,test,0,no_plate
000390.jpg,592,test,0,no_plate
000391.jpg,592,test,0,no_plate
000392.jpg,595,val,0,no_plate
000393.jpg,602,test,1,8828
000394.jpg,603,val,1,86534
000395.jpg,608,test,1,unreadable
000396.jpg,608,test,1,unreadable
000397.jpg,608,test,0,no_plate
000398.jpg,611,test,0,no_plate
000399.jpg,611,test,0,no_plate
000400.jpg,611,test,0,no_plate
000401.jpg,613,test,0,no_plate
000402.jpg,613,test,0,no_plate
000403.jpg,613,test,0,no_plate
000404.jpg,615,val,0,no_plate
000405.jpg,615,val,0,no_plate
000406.jpg,615,val,0,no_plate
000407.jpg,618,test,1,unreadable
000408.jpg,619,val,1,unreadable
000409.jpg,623,val,1,unreadable
000410.jpg,624,test,0,no_plate
000411.jpg,626,val,1,unreadable
000412.jpg,626,val,1,unreadable
000413.jpg,629,val,1,unreadable
000414.jpg,629,val,1,unreadable
000415.jpg,630,test,0,no_plate
000416.jpg,630,test,0,no_plate
000417.jpg,630,test,0,no_plate
000418.jpg,632,val,0,no_plate
000419.jpg,632,val,1,unreadable
000420.jpg,632,val,0,no_plate
000421.jpg,636,test,1,unreadable
000422.jpg,636,test,1,unreadable
000423.jpg,636,test,1,unreadable
000424.jpg,638,val,0,no_plate
000425.jpg,639,val,0,no_plate
000426.jpg,639,val,0,no_plate
000427.jpg,639,val,0,no_plate
000428.jpg,641,test,0,no_plate
000429.jpg,641,test,0,no_plate
000430.jpg,641,test,0,no_plate
000431.jpg,642,test,1,30H86534
000432.jpg,643,test,0,no_plate
000433.jpg,643,test,0,no_plate
000434.jpg,643,test,0,no_plate
000435.jpg,644,test,0,no_plate
000436.jpg,646,test,0,no_plate
000437.jpg,650,test,1,30E38828
000438.jpg,650,test,1,30E38828
000439.jpg,650,test,1,30E38828
000440.jpg,652,test,1,unreadable
000441.jpg,655,val,0,no_plate
000442.jpg,655,val,0,no_plate
000443.jpg,655,val,0,no_plate
000444.jpg,661,val,1,30A11531
000445.jpg,661,val,1,30A11531
000446.jpg,661,val,1,30A11531
000447.jpg,662,val,1,unreadable
000448.jpg,662,val,1,unreadable
000449.jpg,662,val,1,unreadable
000450.jpg,663,val,1,30E38828
000451.jpg,663,val,1,30E38828
000452.jpg,663,val,1,30E38828
000453.jpg,664,val,1,unreadable
000454.jpg,671,val,1,30H86534
000455.jpg,671,val,1,30H86534
000456.jpg,671,val,1,30H86534
000457.jpg,672,val,1,unreadable
000458.jpg,672,val,1,unreadable
000459.jpg,673,val,0,no_plate
000460.jpg,675,val,0,no_plate
000461.jpg,677,val,0,no_plate
000462.jpg,677,val,0,no_plate
000463.jpg,678,val,0,no_plate
000464.jpg,681,test,0,no_plate
000465.jpg,681,test,0,no_plate
000466.jpg,682,test,0,no_plate
000467.jpg,684,val,1,30A11531
000468.jpg,684,val,1,30A11531
000469.jpg,684,val,1,30A11531
000470.jpg,690,test,0,no_plate
000471.jpg,690,test,0,no_plate
000472.jpg,690,test,0,no_plate
000473.jpg,691,test,1,30H55556
000474.jpg,691,test,1,30H55556
000475.jpg,691,test,1,30H55556
000476.jpg,694,test,1,30H55556
000477.jpg,694,test,1,unreadable
000478.jpg,694,test,1,unreadable
000479.jpg,695,test,0,no_plate
000480.jpg,695,test,0,no_plate
000481.jpg,698,test,1,unreadable
000482.jpg,698,test,1,unreadable
000483.jpg,707,test,1,29A35609
000484.jpg,707,test,1,29A35609
000485.jpg,707,test,1,29A35609
000486.jpg,708,test,1,unreadable
000487.jpg,708,test,1,unreadable
000488.jpg,709,val,0,no_plate
000489.jpg,716,val,1,30G99159
000490.jpg,716,val,1,30G99159
000491.jpg,716,val,1,30G99159
000492.jpg,717,val,1,30H86534
000493.jpg,717,val,1,30H86534
000494.jpg,717,val,0,no_plate
000495.jpg,718,test,1,29AA67757
000496.jpg,718,test,1,29AA67757
000497.jpg,720,val,0,no_plate
000498.jpg,720,val,0,no_plate
000499.jpg,720,val,0,no_plate
000500.jpg,721,test,1,unreadable
000501.jpg,721,test,1,unreadable
000502.jpg,722,val,0,no_plate
000503.jpg,724,val,0,no_plate
000504.jpg,725,val,1,30H80316
000505.jpg,725,val,1,30H80316
000506.jpg,725,val,1,30H80316
000507.jpg,726,val,0,no_plate
000508.jpg,726,val,0,no_plate
000509.jpg,727,val,1,unreadable
000510.jpg,727,val,1,unreadable
000511.jpg,727,val,0,no_plate
000512.jpg,728,test,0,no_plate
000513.jpg,728,test,0,no_plate
000514.jpg,728,test,0,no_plate
000515.jpg,729,val,0,no_plate
000516.jpg,731,val,0,no_plate
000517.jpg,733,test,1,30G99159
000518.jpg,733,test,1,30G99159
000519.jpg,733,test,0,no_plate
000520.jpg,740,test,0,no_plate
000521.jpg,740,test,0,no_plate
000522.jpg,740,test,0,no_plate
000523.jpg,743,test,0,no_plate
000524.jpg,743,test,0,no_plate
000525.jpg,743,test,0,no_plate
000526.jpg,745,val,0,no_plate
000527.jpg,745,val,0,no_plate
000528.jpg,745,val,0,no_plate
000529.jpg,747,val,1,29A35609
000530.jpg,747,val,1,29A35609
000531.jpg,747,val,1,29A35609
000532.jpg,748,val,0,no_plate
000533.jpg,753,val,0,no_plate
000534.jpg,755,val,1,29A35609
000535.jpg,755,val,1,29A35609
000536.jpg,755,val,1,29A35609
000537.jpg,757,val,1,30H80316
000538.jpg,757,val,1,30H80316
000539.jpg,757,val,1,30H80316
000540.jpg,758,val,1,unreadable
000541.jpg,758,val,1,unreadable
000542.jpg,758,val,1,unreadable
000543.jpg,761,val,0,no_plate
000544.jpg,761,val,0,no_plate
000545.jpg,761,val,0,no_plate
000546.jpg,772,val,1,unreadable
000547.jpg,772,val,1,unreadable
000548.jpg,772,val,1,unreadable
000549.jpg,774,test,1,30H80316
000550.jpg,774,test,1,30H80316
000551.jpg,774,test,1,30H80316
000552.jpg,776,val,0,no_plate
000553.jpg,778,val,1,15A45328
000554.jpg,778,val,1,15A45328
000555.jpg,778,val,1,15A45328
000556.jpg,779,test,0,no_plate
000557.jpg,779,test,0,no_plate
000558.jpg,779,test,0,no_plate
000559.jpg,788,test,1,29A35609
000560.jpg,788,test,1,29A35609
000561.jpg,788,test,1,29A35609
000562.jpg,791,test,0,no_plate
000563.jpg,791,test,0,no_plate
000564.jpg,791,test,0,no_plate
000565.jpg,792,val,0,no_plate
000566.jpg,792,val,0,no_plate
000567.jpg,793,test,0,no_plate
000568.jpg,794,test,0,no_plate
000569.jpg,796,test,0,no_plate
000570.jpg,796,test,0,no_plate
000571.jpg,796,test,0,no_plate
000572.jpg,799,test,0,no_plate
000573.jpg,804,test,0,no_plate
000574.jpg,804,test,0,no_plate
000575.jpg,809,test,0,no_plate
000576.jpg,809,test,0,no_plate
000577.jpg,812,val,0,no_plate
000578.jpg,818,val,1,30H80316
000579.jpg,818,val,1,30H80316
000580.jpg,818,val,1,30H80316
000581.jpg,819,val,0,no_plate
000582.jpg,819,val,0,no_plate
000583.jpg,819,val,0,no_plate
000584.jpg,828,val,0,no_plate
000585.jpg,828,val,0,no_plate
000586.jpg,828,val,1,30G99159
000587.jpg,830,test,0,no_plate
000588.jpg,831,val,0,no_plate
000589.jpg,831,val,0,no_plate
000590.jpg,831,val,0,no_plate
000591.jpg,833,val,0,no_plate
000592.jpg,833,val,0,no_plate
000593.jpg,837,test,0,no_plate
000594.jpg,837,test,0,no_plate
000595.jpg,839,test,0,no_plate
000596.jpg,839,test,0,no_plate
000597.jpg,839,test,0,no_plate
000598.jpg,841,test,0,no_plate
000599.jpg,841,test,0,no_plate
000600.jpg,841,test,0,no_plate
000601.jpg,845,val,0,no_plate
000602.jpg,847,val,0,no_plate
000603.jpg,848,val,0,no_plate
000604.jpg,848,val,0,no_plate
000605.jpg,849,val,1,30H80316
000606.jpg,849,val,1,30H80316
000607.jpg,851,val,0,no_plate
000608.jpg,851,val,0,no_plate
000609.jpg,851,val,0,no_plate
000610.jpg,852,val,0,no_plate
000611.jpg,857,val,0,no_plate
000612.jpg,862,val,0,no_plate
000613.jpg,863,test,0,no_plate
000614.jpg,863,test,0,no_plate
000615.jpg,870,test,0,no_plate
000616.jpg,870,test,0,no_plate
000617.jpg,870,test,0,no_plate
000618.jpg,873,test,1,29A60686
000619.jpg,873,test,0,no_plate
000620.jpg,873,test,1,29A60686
000621.jpg,878,val,1,unreadable
000622.jpg,878,val,1,unreadable
000623.jpg,880,val,0,no_plate
000624.jpg,883,val,0,no_plate
000625.jpg,885,val,1,15A45328
000626.jpg,885,val,1,15A45328
000627.jpg,885,val,1,15A45328
000628.jpg,887,val,0,no_plate
000629.jpg,887,val,0,no_plate
000630.jpg,892,val,1,unreadable
000631.jpg,895,test,0,no_plate
000632.jpg,895,test,0,no_plate
000633.jpg,895,test,0,no_plate
000634.jpg,897,test,0,no_plate
000635.jpg,897,test,0,no_plate
000636.jpg,908,test,0,no_plate
000637.jpg,908,test,0,no_plate
000638.jpg,908,test,0,no_plate
000639.jpg,910,test,1,29A60686
000640.jpg,910,test,1,29A60686
000641.jpg,911,val,0,no_plate
000642.jpg,911,val,0,no_plate
000643.jpg,911,val,0,no_plate
000644.jpg,915,test,0,no_plate
000645.jpg,915,test,0,no_plate
000646.jpg,915,test,0,no_plate
000647.jpg,917,test,0,no_plate
000648.jpg,917,test,0,no_plate
000649.jpg,920,test,0,no_plate
000650.jpg,931,val,0,no_plate
000651.jpg,931,val,0,no_plate
000652.jpg,931,val,0,no_plate
000653.jpg,932,val,0,no_plate
000654.jpg,934,test,0,no_plate
000655.jpg,934,test,0,no_plate
000656.jpg,934,test,0,no_plate
000657.jpg,935,val,0,no_plate
000658.jpg,935,val,0,no_plate
000659.jpg,938,val,0,no_plate
000660.jpg,938,val,0,no_plate
000661.jpg,938,val,0,no_plate
000662.jpg,939,val,0,no_plate
000663.jpg,939,val,0,no_plate
000664.jpg,939,val,0,no_plate
000665.jpg,942,val,0,no_plate
000666.jpg,942,val,0,no_plate
000667.jpg,942,val,0,no_plate
000668.jpg,948,test,1,30H79533
000669.jpg,948,test,1,30H79533
000670.jpg,948,test,1,30H79533
000671.jpg,953,test,0,no_plate
000672.jpg,953,test,0,no_plate
000673.jpg,953,test,0,no_plate
000674.jpg,955,val,0,no_plate
000675.jpg,955,val,0,no_plate
000676.jpg,955,val,0,no_plate
000677.jpg,959,val,0,no_plate
000678.jpg,962,val,1,unreadable
000679.jpg,962,val,1,unreadable
000680.jpg,963,val,0,no_plate
000681.jpg,964,test,1,30H79533
000682.jpg,964,test,1,30H79533
000683.jpg,965,val,1,unreadable
000684.jpg,965,val,0,no_plate
000685.jpg,965,val,0,no_plate
000686.jpg,970,test,1,15A45328
000687.jpg,970,test,0,no_plate
000688.jpg,970,test,1,unreadable
000689.jpg,974,test,1,30H80316
000690.jpg,974,test,1,30H80316
000691.jpg,974,test,1,30H80316
000692.jpg,975,test,1,unreadable
000693.jpg,977,test,0,no_plate
000694.jpg,978,val,0,no_plate
000695.jpg,980,val,0,no_plate
000696.jpg,980,val,0,no_plate
000697.jpg,980,val,0,no_plate
000698.jpg,981,val,1,unreadable
000699.jpg,981,val,1,unreadable
000700.jpg,981,val,1,unreadable
000701.jpg,984,test,1,unreadable
000702.jpg,984,test,1,unreadable
000703.jpg,984,test,1,unreadable
000704.jpg,986,val,0,no_plate
000705.jpg,986,val,0,no_plate
000706.jpg,988,val,0,no_plate
000707.jpg,990,test,1,unreadable
000708.jpg,990,test,1,unreadable
000709.jpg,990,test,1,unreadable
000710.jpg,991,test,1,unreadable
000711.jpg,991,test,1,unreadable
000712.jpg,991,test,1,unreadable
000713.jpg,992,val,0,no_plate
000714.jpg,992,val,0,no_plate
000715.jpg,993,val,0,no_plate
000716.jpg,994,val,1,unreadable
000717.jpg,995,test,1,unreadable
000718.jpg,996,val,0,no_plate
000719.jpg,996,val,0,no_plate
000720.jpg,996,val,0,no_plate
000721.jpg,998,val,1,unreadable
000722.jpg,998,val,1,unreadable
000723.jpg,1000,test,0,no_plate
000724.jpg,1000,test,0,no_plate
000725.jpg,1000,test,0,no_plate
000726.jpg,1004,val,1,unreadable
000727.jpg,1004,val,1,unreadable
000728.jpg,1012,test,0,no_plate
000729.jpg,1017,val,1,unreadable
000730.jpg,1017,val,0,no_plate
000731.jpg,1017,val,1,unreadable
000732.jpg,1018,test,1,unreadable
000733.jpg,1022,val,0,no_plate
000734.jpg,1024,val,1,unreadable
000735.jpg,1024,val,0,no_plate
000736.jpg,1024,val,0,no_plate
000737.jpg,1027,test,1,30H26853
000738.jpg,1027,test,1,30H26853
000739.jpg,1027,test,0,no_plate
000740.jpg,1030,test,0,no_plate
000741.jpg,1030,test,1,unreadable
000742.jpg,1030,test,0,no_plate
000743.jpg,1033,test,1,unreadable
000744.jpg,1033,test,1,unreadable
000745.jpg,1033,test,1,unreadable
000746.jpg,1034,val,1,30H72911
000747.jpg,1034,val,1,30H72911
000748.jpg,1034,val,1,30H72911
000749.jpg,1039,val,0,no_plate
000750.jpg,1039,val,0,no_plate
000751.jpg,1039,val,0,no_plate
000752.jpg,1040,val,1,unreadable
000753.jpg,1043,val,0,no_plate
000754.jpg,1048,val,1,unreadable
000755.jpg,1048,val,1,unreadable
000756.jpg,1048,val,1,unreadable
000757.jpg,1057,test,1,unreadable
000758.jpg,1057,test,1,unreadable
000759.jpg,1057,test,1,unreadable
000760.jpg,1058,test,1,unreadable
000761.jpg,1058,test,1,unreadable
000762.jpg,1059,test,1,unreadable
000763.jpg,1062,test,0,no_plate
000764.jpg,1064,val,0,no_plate
000765.jpg,1065,val,0,no_plate
000766.jpg,1066,test,0,no_plate
000767.jpg,1067,test,0,no_plate
000768.jpg,1070,test,0,no_plate
000769.jpg,1075,val,1,unreadable
000770.jpg,1075,val,1,unreadable
000771.jpg,1075,val,1,unreadable
000772.jpg,1079,test,0,no_plate
000773.jpg,1082,test,0,no_plate
000774.jpg,1083,val,0,no_plate
000775.jpg,1086,val,0,no_plate
000776.jpg,1086,val,0,no_plate
000777.jpg,1086,val,0,no_plate
000778.jpg,1087,test,1,unreadable
000779.jpg,1087,test,1,unreadable
000780.jpg,1088,val,0,no_plate
000781.jpg,1088,val,0,no_plate
000782.jpg,1089,val,1,unreadable
000783.jpg,1093,val,1,unreadable
000784.jpg,1094,val,0,no_plate
000785.jpg,1094,val,0,no_plate
000786.jpg,1094,val,0,no_plate
000787.jpg,1107,val,0,no_plate
000788.jpg,1108,val,1,unreadable
000789.jpg,1111,test,0,no_plate
000790.jpg,1114,val,1,30H34533
000791.jpg,1114,val,1,30H34533
000792.jpg,1114,val,1,30H34533
000793.jpg,1115,val,0,no_plate
000794.jpg,1115,val,0,no_plate
000795.jpg,1115,val,0,no_plate
000796.jpg,1116,test,0,no_plate
000797.jpg,1116,test,0,no_plate
000798.jpg,1116,test,0,no_plate
000799.jpg,1123,val,0,no_plate
000800.jpg,1123,val,0,no_plate
000801.jpg,1123,val,0,no_plate
000802.jpg,1124,test,0,no_plate
000803.jpg,1124,test,0,no_plate
000804.jpg,1124,test,0,no_plate
000805.jpg,1128,test,0,no_plate
000806.jpg,1129,val,0,no_plate
000807.jpg,1129,val,0,no_plate
000808.jpg,1129,val,0,no_plate
000809.jpg,1131,val,1,unreadable
000810.jpg,1131,val,1,unreadable
000811.jpg,1136,test,0,no_plate
000812.jpg,1136,test,0,no_plate
000813.jpg,1136,test,0,no_plate
000814.jpg,1139,test,1,unreadable
000815.jpg,1143,val,1,unreadable
000816.jpg,1143,val,1,unreadable
000817.jpg,1143,val,0,no_plate
000818.jpg,1144,test,0,no_plate
000819.jpg,1145,val,0,no_plate
000820.jpg,1147,test,1,unreadable
000821.jpg,1147,test,1,unreadable
000822.jpg,1147,test,1,unreadable
000823.jpg,1148,val,0,no_plate
000824.jpg,1148,val,0,no_plate
000825.jpg,1148,val,0,no_plate
000826.jpg,1149,val,1,unreadable
000827.jpg,1149,val,1,unreadable
000828.jpg,1149,val,1,unreadable
000829.jpg,1150,test,1,unreadable
000830.jpg,1150,test,1,unreadable
000831.jpg,1150,test,1,unreadable
000832.jpg,1155,test,1,unreadable
000836.jpg,1158,test,0,no_plate
000837.jpg,1164,test,0,no_plate
000838.jpg,1164,test,0,no_plate
000839.jpg,1164,test,0,no_plate
000840.jpg,1165,test,1,unreadable
000841.jpg,1165,test,1,unreadable
000842.jpg,1165,test,1,unreadable
000843.jpg,1170,val,1,unreadable
000844.jpg,1170,val,1,unreadable
000845.jpg,1210,val,1,unreadable
000846.jpg,1214,val,1,unreadable
000847.jpg,1214,val,1,unreadable
000848.jpg,1214,val,1,unreadable
000849.jpg,1215,test,1,unreadable
000850.jpg,1215,test,1,unreadable
000851.jpg,1217,val,0,no_plate
000852.jpg,1218,val,1,unreadable
000853.jpg,1218,val,1,unreadable
000854.jpg,1218,val,1,unreadable
000855.jpg,1219,val,1,unreadable
000856.jpg,1222,val,0,no_plate
000857.jpg,1230,test,1,30H11749
000858.jpg,1230,test,1,30H11749
000859.jpg,1230,test,1,30H11749
000860.jpg,1231,test,1,30E36890
000861.jpg,1231,test,1,30E36890
000862.jpg,1231,test,1,30E36890
000863.jpg,1232,val,1,30E36890
000864.jpg,1232,val,0,no_plate
000865.jpg,1233,test,0,no_plate
000866.jpg,1233,test,0,no_plate
000867.jpg,1233,test,0,no_plate
000868.jpg,1234,test,1,unreadable
000869.jpg,1234,test,1,unreadable
000870.jpg,1234,test,0,no_plate
000871.jpg,1236,test,1,30H11749
000872.jpg,1236,test,1,30H11749
000873.jpg,1236,test,1,30H11749
000874.jpg,1237,test,0,no_plate
000875.jpg,1238,val,1,30E36890
000876.jpg,1239,val,0,no_plate
000877.jpg,1240,val,0,no_plate
000878.jpg,1240,val,0,no_plate
000879.jpg,1240,val,0,no_plate
000880.jpg,1241,val,1,30E36890
000881.jpg,1245,test,0,no_plate
000882.jpg,1245,test,0,no_plate
000883.jpg,1245,test,0,no_plate
000884.jpg,1247,test,0,no_plate
000885.jpg,1247,test,1,unreadable
000886.jpg,1247,test,1,unreadable
000887.jpg,1248,val,0,no_plate
000888.jpg,1248,val,0,no_plate
000889.jpg,1248,val,0,no_plate
000890.jpg,1253,test,0,no_plate
000891.jpg,1253,test,0,no_plate
000892.jpg,1253,test,0,no_plate
000893.jpg,1261,val,1,30H11749
000894.jpg,1261,val,1,30H11749
000895.jpg,1261,val,1,30H11749
000896.jpg,1265,val,0,no_plate
000897.jpg,1267,val,0,no_plate
000898.jpg,1269,val,0,no_plate
000899.jpg,1270,val,1,30E36890
000900.jpg,1279,test,0,no_plate
000901.jpg,1279,test,0,no_plate
000902.jpg,1279,test,0,no_plate
000903.jpg,1282,test,1,30H11749
000904.jpg,1282,test,1,30H11749
000905.jpg,1282,test,0,no_plate
000906.jpg,1288,test,1,30H11749
000907.jpg,1288,test,0,no_plate
000908.jpg,1288,test,0,no_plate
000909.jpg,1289,val,1,unreadable
000910.jpg,1293,val,0,no_plate
000911.jpg,1296,val,0,no_plate
000912.jpg,1296,val,0,no_plate
000913.jpg,1300,val,0,no_plate
000914.jpg,1300,val,0,no_plate
000915.jpg,1300,val,0,no_plate
000916.jpg,1302,val,1,30H01255
000917.jpg,1302,val,1,30H01255
000918.jpg,1302,val,1,30H01255
000919.jpg,1309,test,0,no_plate
000920.jpg,1309,test,1,unreadable
000921.jpg,1309,test,1,unreadable
000922.jpg,1313,test,0,no_plate
000923.jpg,1315,val,0,no_plate
000924.jpg,1315,val,0,no_plate
000925.jpg,1315,val,0,no_plate
000926.jpg,1317,test,0,no_plate
000927.jpg,1317,test,0,no_plate
000928.jpg,1319,test,0,no_plate
000929.jpg,1319,test,0,no_plate
000930.jpg,1322,test,0,no_plate
000931.jpg,1323,test,1,30H01255
000932.jpg,1324,val,0,no_plate
000933.jpg,1327,val,0,no_plate
000934.jpg,1332,test,0,no_plate
000935.jpg,1335,val,1,30H11749
000936.jpg,1335,val,1,30H11749
000937.jpg,1335,val,1,30H11749
000938.jpg,1338,test,0,no_plate
000939.jpg,1342,val,1,30E36890
000940.jpg,1344,val,1,30E36890
000941.jpg,1344,val,1,30E36890
000942.jpg,1344,val,0,no_plate
000943.jpg,1346,test,0,no_plate
000944.jpg,1346,test,0,no_plate
000945.jpg,1348,val,0,no_plate
000946.jpg,1348,val,0,no_plate
000947.jpg,1353,test,0,no_plate
000948.jpg,1354,test,0,no_plate
000949.jpg,1355,val,0,no_plate
000950.jpg,1355,val,0,no_plate
000951.jpg,1355,val,0,no_plate
000952.jpg,1357,val,0,no_plate
000953.jpg,1358,val,0,no_plate
000954.jpg,1358,val,0,no_plate
000955.jpg,1373,test,0,no_plate
000956.jpg,1373,test,0,no_plate
000957.jpg,1373,test,0,no_plate
000958.jpg,1376,val,0,no_plate
000960.jpg,1376,val,0,no_plate
000961.jpg,1386,val,0,no_plate
000962.jpg,1386,val,0,no_plate
000963.jpg,1389,val,0,no_plate
000964.jpg,1389,val,0,no_plate
000965.jpg,1389,val,0,no_plate
000966.jpg,1394,val,0,no_plate
000967.jpg,1418,test,0,no_plate
000968.jpg,1423,val,0,no_plate
000969.jpg,1423,val,0,no_plate
000970.jpg,1428,val,0,no_plate
000971.jpg,1429,test,1,unreadable
000972.jpg,1429,test,1,30A94161
000973.jpg,1429,test,1,30A94161
000974.jpg,1431,test,0,no_plate
000975.jpg,1432,test,0,no_plate
000976.jpg,1432,test,0,no_plate
000977.jpg,1436,val,1,unreadable
000978.jpg,1436,val,1,unreadable
000979.jpg,1436,val,0,no_plate
000980.jpg,1439,val,0,no_plate
000981.jpg,1440,val,0,no_plate
000982.jpg,1440,val,0,no_plate
000983.jpg,1440,val,0,no_plate
000984.jpg,1441,test,0,no_plate
000985.jpg,1441,test,1,unreadable
000986.jpg,1441,test,1,unreadable
000987.jpg,1442,test,1,unreadable
000988.jpg,1442,test,1,unreadable
000989.jpg,1442,test,1,unreadable
000990.jpg,1444,val,0,no_plate
000991.jpg,1445,test,0,no_plate
000992.jpg,1445,test,0,no_plate
000993.jpg,1446,test,0,no_plate
000994.jpg,1450,val,1,15A94532
000995.jpg,1450,val,1,15A94532
000996.jpg,1450,val,1,15A94532
000997.jpg,1451,test,1,30H48962
000998.jpg,1455,val,0,no_plate
000999.jpg,1456,val,0,no_plate
001000.jpg,1456,val,1,unreadable
001001.jpg,1456,val,1,unreadable
001002.jpg,1457,val,1,unreadable
001003.jpg,1457,val,1,unreadable
001004.jpg,1457,val,1,unreadable
001005.jpg,1458,test,0,no_plate
001006.jpg,1458,test,0,no_plate
001007.jpg,1458,test,0,no_plate
001008.jpg,1464,test,0,no_plate
001009.jpg,1464,test,1,unreadable
001010.jpg,1464,test,0,no_plate
001011.jpg,1465,val,0,no_plate
001012.jpg,1465,val,0,no_plate
001013.jpg,1465,val,0,no_plate
001014.jpg,1467,val,0,no_plate
001015.jpg,1467,val,0,no_plate
001016.jpg,1468,test,1,unreadable
001017.jpg,1468,test,1,30E5688
001018.jpg,1468,test,1,unreadable
001019.jpg,1472,val,0,no_plate
001020.jpg,1472,val,0,no_plate
001021.jpg,1472,val,0,no_plate
001022.jpg,1475,val,0,no_plate
001023.jpg,1479,test,0,no_plate
001024.jpg,1481,test,0,no_plate
001025.jpg,1481,test,0,no_plate
001026.jpg,1483,test,0,no_plate
001027.jpg,1507,test,1,15M709198
001028.jpg,1532,val,1,29A31259
001029.jpg,1532,val,1,29A31259
001030.jpg,1532,val,1,29A31259
001031.jpg,1533,val,1,unreadable
001032.jpg,1533,val,1,unreadable
001033.jpg,1537,test,0,no_plate
001034.jpg,1537,test,0,no_plate
001035.jpg,1537,test,0,no_plate
001036.jpg,1540,test,0,no_plate
001037.jpg,1540,test,0,no_plate
001038.jpg,1540,test,0,no_plate
001039.jpg,1546,val,0,no_plate
001040.jpg,1549,test,0,no_plate
001041.jpg,1550,val,1,30E57777
001042.jpg,1550,val,1,30E57777
001043.jpg,1550,val,1,30E57777
001044.jpg,1551,test,0,no_plate
001045.jpg,1552,test,1,unreadable
001046.jpg,1552,test,1,unreadable
001047.jpg,1555,val,0,no_plate
001048.jpg,1555,val,0,no_plate
001049.jpg,1555,val,0,no_plate
001050.jpg,1558,val,0,no_plate
001051.jpg,1558,val,0,no_plate
001052.jpg,1559,test,0,no_plate
001053.jpg,1559,test,0,no_plate
001054.jpg,1559,test,0,no_plate
001055.jpg,1561,test,0,no_plate
001056.jpg,1561,test,0,no_plate
001057.jpg,1561,test,0,no_plate
001058.jpg,1564,val,0,no_plate
001059.jpg,1571,test,0,no_plate
001060.jpg,1571,test,0,no_plate
001061.jpg,1571,test,0,no_plate
001062.jpg,1577,test,0,no_plate
001063.jpg,1580,val,0,no_plate
001064.jpg,1580,val,0,no_plate
001065.jpg,1580,val,0,no_plate
001066.jpg,1591,test,0,no_plate
001067.jpg,1591,test,0,no_plate
001068.jpg,1593,test,0,no_plate
001069.jpg,1593,test,0,no_plate
001070.jpg,1605,val,0,no_plate
001071.jpg,1606,val,0,no_plate
001072.jpg,1610,val,0,no_plate
001073.jpg,1612,val,0,no_plate
001074.jpg,1612,val,0,no_plate
001075.jpg,1613,val,1,unreadable
001076.jpg,1613,val,1,unreadable
001077.jpg,1613,val,1,unreadable
001078.jpg,1615,val,0,no_plate
001079.jpg,1616,test,0,no_plate
001080.jpg,1617,test,0,no_plate
001081.jpg,1633,val,1,29LD31573
001082.jpg,1633,val,1,29LD31573
001083.jpg,1633,val,1,29LD31573
001084.jpg,1645,val,0,no_plate
001086.jpg,1648,test,1,23A09369
001087.jpg,1648,test,1,23A09369
001088.jpg,1648,test,1,unreadable
001089.jpg,1649,val,0,no_plate
001090.jpg,1649,val,0,no_plate
001091.jpg,1649,val,0,no_plate
001092.jpg,1655,val,0,no_plate
001093.jpg,1655,val,0,no_plate
001094.jpg,1659,test,1,unreadable
001095.jpg,1660,test,1,unreadable
001096.jpg,1661,test,0,no_plate
001097.jpg,1661,test,0,no_plate
001098.jpg,1661,test,0,no_plate
001099.jpg,1662,val,0,no_plate
001100.jpg,1664,val,0,no_plate
001101.jpg,1664,val,0,no_plate
001102.jpg,1665,test,0,no_plate
001103.jpg,1665,test,0,no_plate
001104.jpg,1665,test,0,no_plate
001105.jpg,1666,val,1,23A09369
001106.jpg,1666,val,1,23A09369
001107.jpg,1666,val,1,23A09369
001108.jpg,1668,test,1,unreadable
001109.jpg,1672,val,0,no_plate
001110.jpg,1672,val,0,no_plate
001111.jpg,1672,val,0,no_plate
001112.jpg,1674,val,0,no_plate
001113.jpg,1674,val,0,no_plate
001114.jpg,1674,val,0,no_plate
001115.jpg,1675,val,0,no_plate
001116.jpg,1675,val,0,no_plate
001117.jpg,1675,val,0,no_plate
001118.jpg,1677,test,0,no_plate
001119.jpg,1680,val,0,no_plate
001120.jpg,1680,val,0,no_plate
001121.jpg,1680,val,0,no_plate
001122.jpg,1681,test,0,no_plate
001123.jpg,1681,test,0,no_plate
001124.jpg,1681,test,0,no_plate
001125.jpg,1683,test,0,no_plate
001126.jpg,1683,test,0,no_plate
001127.jpg,1685,val,0,no_plate
001128.jpg,1685,val,0,no_plate
001129.jpg,1685,val,0,no_plate
001130.jpg,1688,test,0,no_plate
001131.jpg,1692,test,0,no_plate
001132.jpg,1692,test,0,no_plate
001133.jpg,1692,test,0,no_plate
001134.jpg,1695,test,0,no_plate
001135.jpg,1695,test,0,no_plate
001136.jpg,1695,test,0,no_plate
001137.jpg,1700,test,0,no_plate
001138.jpg,1716,test,0,no_plate
001139.jpg,1717,test,0,no_plate
001140.jpg,1717,test,0,no_plate
001141.jpg,1717,test,0,no_plate
001142.jpg,1718,test,0,no_plate
001143.jpg,1718,test,0,no_plate
001144.jpg,1719,val,0,no_plate
001145.jpg,1721,test,0,no_plate
001146.jpg,1721,test,0,no_plate
001147.jpg,1721,test,0,no_plate
001148.jpg,1724,test,1,30E06699
001149.jpg,1724,test,1,30E06699
001150.jpg,1724,test,1,30E06699
001151.jpg,1725,val,1,unreadable
001152.jpg,1725,val,1,unreadable
001153.jpg,1725,val,1,unreadable
001154.jpg,1727,val,0,no_plate
001155.jpg,1729,val,1,unreadable
001156.jpg,1729,val,1,unreadable
001157.jpg,1736,val,1,unreadable
001158.jpg,1737,val,1,unreadable
001159.jpg,1737,val,1,unreadable
001160.jpg,1737,val,1,unreadable
001161.jpg,1738,val,0,no_plate
001162.jpg,1738,val,0,no_plate
001163.jpg,1738,val,0,no_plate
001164.jpg,1739,test,0,no_plate
001165.jpg,1739,test,0,no_plate
001166.jpg,1740,test,0,no_plate
001167.jpg,1740,test,0,no_plate
001168.jpg,1740,test,0,no_plate
001169.jpg,1743,test,0,no_plate
001170.jpg,1747,val,0,no_plate
001171.jpg,1747,val,0,no_plate
001172.jpg,1750,test,0,no_plate
001173.jpg,1750,test,0,no_plate
001174.jpg,1752,val,0,no_plate
001175.jpg,1752,val,0,no_plate
001176.jpg,1752,val,0,no_plate
001177.jpg,1753,test,0,no_plate
001178.jpg,1753,test,1,unreadable
001179.jpg,1753,test,1,unreadable
001180.jpg,1754,val,0,no_plate
001181.jpg,1754,val,0,no_plate
001182.jpg,1754,val,0,no_plate
001183.jpg,1755,val,0,no_plate
001184.jpg,1760,test,0,no_plate
001185.jpg,1771,test,0,no_plate
001186.jpg,1776,test,1,30A93956
001187.jpg,1776,test,0,no_plate
001188.jpg,1783,test,1,unreadable
001189.jpg,1783,test,1,30A93956
001190.jpg,1783,test,1,30A93956
001191.jpg,1784,val,1,30E91116
001192.jpg,1784,val,1,unreadable
001193.jpg,1784,val,1,30E91116
001194.jpg,1786,val,0,no_plate
001195.jpg,1789,test,0,no_plate
001196.jpg,1789,test,0,no_plate
001197.jpg,1789,test,0,no_plate
001198.jpg,1792,val,0,no_plate
001199.jpg,1792,val,0,no_plate
001200.jpg,1792,val,0,no_plate
001201.jpg,1794,test,0,no_plate
001202.jpg,1794,test,0,no_plate
001203.jpg,1794,test,0,no_plate
001204.jpg,1797,test,0,no_plate
001205.jpg,1799,val,0,no_plate
001206.jpg,1800,test,1,unreadable
001207.jpg,1800,test,1,unreadable
001208.jpg,1800,test,1,unreadable
001209.jpg,1801,test,1,unreadable
001210.jpg,1801,test,1,unreadable
001211.jpg,1801,test,1,unreadable
001212.jpg,1802,test,1,unreadable
001213.jpg,1802,test,1,unreadable
001214.jpg,1802,test,1,unreadable
001215.jpg,1807,val,0,no_plate
001216.jpg,1807,val,0,no_plate
001217.jpg,1808,val,0,no_plate
001218.jpg,1808,val,0,no_plate
001219.jpg,1808,val,0,no_plate
001220.jpg,1810,test,0,no_plate
001221.jpg,1810,test,0,no_plate
001222.jpg,1810,test,0,no_plate
001223.jpg,1815,test,0,no_plate
001224.jpg,1815,test,0,no_plate
001225.jpg,1815,test,0,no_plate
001226.jpg,1817,test,0,no_plate
001227.jpg,1817,test,0,no_plate
001228.jpg,1817,test,0,no_plate
001229.jpg,1823,test,1,unreadable
001230.jpg,1824,test,0,no_plate
001231.jpg,1824,test,0,no_plate
001232.jpg,1830,val,0,no_plate
001233.jpg,1832,test,1,unreadable
001234.jpg,1832,test,1,unreadable
001235.jpg,1832,test,0,no_plate
001236.jpg,1840,val,0,no_plate
001237.jpg,1845,val,0,no_plate
001238.jpg,1845,val,1,30E91116
001239.jpg,1845,val,1,30E91116
001240.jpg,1847,val,1,30G56838
001241.jpg,1847,val,1,30G56838
001242.jpg,1847,val,1,30G56838
001243.jpg,1854,val,0,no_plate
001244.jpg,1861,test,0,no_plate
001245.jpg,1867,val,0,no_plate
001246.jpg,1871,test,0,no_plate
001247.jpg,1871,test,0,no_plate
001248.jpg,1873,test,1,unreadable
001249.jpg,1873,test,1,unreadable
001250.jpg,1873,test,1,unreadable
001251.jpg,1874,val,0,no_plate
001252.jpg,1874,val,0,no_plate
001253.jpg,1874,val,0,no_plate
001254.jpg,1876,val,0,no_plate
001255.jpg,1876,val,0,no_plate
001256.jpg,1876,val,0,no_plate
001257.jpg,1877,val,0,no_plate
001258.jpg,1877,val,0,no_plate
001259.jpg,1877,val,0,no_plate
001260.jpg,1878,val,0,no_plate
001261.jpg,1878,val,0,no_plate
001262.jpg,1878,val,0,no_plate
001263.jpg,1882,test,0,no_plate
001264.jpg,1883,test,0,no_plate
001265.jpg,1884,val,0,no_plate
001266.jpg,1884,val,0,no_plate
001267.jpg,1888,val,0,no_plate
001268.jpg,1893,test,0,no_plate
001269.jpg,1893,test,1,unreadable
001270.jpg,1899,val,0,no_plate
001271.jpg,1899,val,1,unreadable
001272.jpg,1899,val,0,no_plate
001273.jpg,1901,test,0,no_plate
001274.jpg,1901,test,0,no_plate
001275.jpg,1908,val,0,no_plate
001276.jpg,1909,val,0,no_plate
001277.jpg,1915,test,1,unreadable
001278.jpg,1915,test,1,unreadable
001279.jpg,1915,test,1,unreadable
001280.jpg,1943,test,0,no_plate
001281.jpg,1944,test,0,no_plate
001282.jpg,1944,test,0,no_plate
001283.jpg,1944,test,0,no_plate
001284.jpg,1947,val,1,unreadable
001285.jpg,1948,test,0,no_plate
001286.jpg,1949,val,1,unreadable
001287.jpg,1949,val,1,unreadable
001288.jpg,1950,val,0,no_plate
001289.jpg,1950,val,0,no_plate
001290.jpg,1950,val,0,no_plate
001291.jpg,1952,test,0,no_plate
001292.jpg,1954,test,0,no_plate
001293.jpg,1954,test,0,no_plate
001294.jpg,1954,test,0,no_plate
001295.jpg,1955,val,0,no_plate
001296.jpg,1955,val,0,no_plate
001297.jpg,1955,val,0,no_plate
001298.jpg,1957,test,0,no_plate
001299.jpg,1957,test,0,no_plate
001300.jpg,1958,val,0,no_plate
001301.jpg,1960,test,0,no_plate
001302.jpg,1960,test,0,no_plate
001303.jpg,1960,test,0,no_plate
001304.jpg,1961,val,1,unreadable
001305.jpg,1963,test,0,no_plate
001306.jpg,1963,test,0,no_plate
001307.jpg,1966,test,0,no_plate
001308.jpg,1967,val,0,no_plate
001309.jpg,1968,test,0,no_plate
001310.jpg,1970,val,1,30H57444
001311.jpg,1971,test,0,no_plate
001312.jpg,1973,test,1,30H67444
001313.jpg,1973,test,1,30H67444
001314.jpg,1973,test,1,30H67444
001315.jpg,1984,val,1,unreadable
001316.jpg,1985,val,1,unreadable
001317.jpg,1985,val,1,unreadable
001318.jpg,1985,val,1,unreadable
001319.jpg,1986,val,0,no_plate
001320.jpg,1997,test,1,unreadable
001321.jpg,1997,test,0,no_plate
001322.jpg,2003,test,0,no_plate
001323.jpg,2003,test,0,no_plate
001324.jpg,2007,val,1,unreadable
001325.jpg,2008,val,0,no_plate
001326.jpg,2010,test,0,no_plate
001327.jpg,2010,test,0,no_plate
001328.jpg,2016,val,1,unreadable
001329.jpg,2021,test,0,no_plate
001330.jpg,2025,test,0,no_plate
001331.jpg,2025,test,0,no_plate
001332.jpg,2025,test,0,no_plate
001333.jpg,2029,val,0,no_plate
001334.jpg,2030,val,0,no_plate
001335.jpg,2030,val,0,no_plate
001336.jpg,2032,val,0,no_plate
001337.jpg,2040,val,1,unreadable
001338.jpg,2043,test,1,unreadable
001339.jpg,2072,test,0,no_plate
001340.jpg,2072,test,0,no_plate
001341.jpg,2072,test,0,no_plate
001342.jpg,2073,val,0,no_plate
001343.jpg,2075,test,0,no_plate
001344.jpg,2075,test,0,no_plate
001345.jpg,2075,test,0,no_plate
001346.jpg,2076,val,0,no_plate
001347.jpg,2076,val,0,no_plate
001348.jpg,2076,val,0,no_plate
001349.jpg,2078,val,0,no_plate
001350.jpg,2078,val,0,no_plate
001351.jpg,2078,val,0,no_plate
001352.jpg,2079,test,0,no_plate
001353.jpg,2080,test,0,no_plate
001354.jpg,2094,val,1,30G66101
001355.jpg,2094,val,1,30G66101
001356.jpg,2094,val,1,30G66101
001357.jpg,2108,test,1,30F05626
001358.jpg,2108,test,1,30F05626
001359.jpg,2108,test,1,30F05626
001360.jpg,2110,val,0,no_plate
001361.jpg,2111,test,0,no_plate
001362.jpg,2111,test,0,no_plate
001363.jpg,2111,test,0,no_plate
001364.jpg,2113,val,0,no_plate
001365.jpg,2113,val,0,no_plate
001366.jpg,2113,val,0,no_plate
001367.jpg,2115,val,0,no_plate
001368.jpg,2118,val,0,no_plate
001369.jpg,2118,val,0,no_plate
001370.jpg,2118,val,0,no_plate
001371.jpg,2122,test,0,no_plate
001372.jpg,2122,test,0,no_plate
001373.jpg,2122,test,0,no_plate
001374.jpg,2123,val,1,30F05626
001375.jpg,2123,val,1,30F05626
001376.jpg,2123,val,1,unreadable
001377.jpg,2124,test,0,no_plate
001378.jpg,2124,test,0,no_plate
001379.jpg,2124,test,0,no_plate
001380.jpg,2125,val,0,no_plate
001381.jpg,2125,val,0,no_plate
001382.jpg,2125,val,0,no_plate
001383.jpg,2131,test,0,no_plate
001384.jpg,2131,test,0,no_plate
001385.jpg,2131,test,0,no_plate
001386.jpg,2138,val,1,unreadable
001387.jpg,2143,val,0,no_plate
001388.jpg,2155,test,1,unreadable
001389.jpg,2155,test,1,30F05626
001390.jpg,2155,test,1,30F05626
001391.jpg,2156,test,0,no_plate
001392.jpg,2156,test,0,no_plate
001393.jpg,2158,val,0,no_plate
001394.jpg,2158,val,0,no_plate
001395.jpg,2158,val,1,30F51755
001396.jpg,2159,val,0,no_plate
001397.jpg,2159,val,1,unreadable
001399.jpg,2160,val,0,no_plate
001400.jpg,2160,val,0,no_plate
001401.jpg,2160,val,0,no_plate
001402.jpg,2161,val,0,no_plate
001403.jpg,2164,val,0,no_plate
001404.jpg,2164,val,0,no_plate
001405.jpg,2165,val,0,no_plate
001406.jpg,2173,val,1,unreadable
001407.jpg,2177,val,0,no_plate
001408.jpg,2196,val,0,no_plate
001409.jpg,2196,val,0,no_plate
001410.jpg,2207,val,1,unreadable
001411.jpg,2212,test,0,no_plate
001412.jpg,2212,test,0,no_plate
001413.jpg,2212,test,1,unreadable
001414.jpg,2214,val,1,30F51755
001415.jpg,2222,val,1,30H57444
001416.jpg,2224,test,1,unreadable
001417.jpg,2225,test,1,unreadable
001418.jpg,2226,test,1,30H67444
001419.jpg,2251,val,0,no_plate
001421.jpg,2251,val,1,unreadable
001422.jpg,2267,val,1,30G17691
001423.jpg,2267,val,1,30G17691
001424.jpg,2267,val,1,unreadable
001425.jpg,2272,test,0,no_plate
001426.jpg,2292,val,1,30E35154
001427.jpg,2292,val,1,30E35154
001428.jpg,2292,val,1,30E35154
001429.jpg,2296,val,0,no_plate
001430.jpg,2296,val,0,no_plate
001431.jpg,2296,val,0,no_plate
001432.jpg,2298,val,0,no_plate
001433.jpg,2298,val,0,no_plate
001434.jpg,2298,val,0,no_plate
001435.jpg,2301,val,0,no_plate
001436.jpg,2306,test,0,no_plate
001437.jpg,2307,val,0,no_plate
001438.jpg,2308,val,0,no_plate
001439.jpg,2330,val,0,no_plate
001440.jpg,2330,val,0,no_plate
001441.jpg,2330,val,0,no_plate
001442.jpg,2331,test,0,no_plate
001443.jpg,2331,test,0,no_plate
001444.jpg,2331,test,0,no_plate
001445.jpg,2338,val,0,no_plate
001446.jpg,2338,val,0,no_plate
001447.jpg,2339,val,1,30E35154
001448.jpg,2339,val,1,30E35154
001449.jpg,2341,val,0,no_plate
001450.jpg,2342,test,0,no_plate
001451.jpg,2343,test,0,no_plate
001452.jpg,2347,test,1,30E35154
001453.jpg,2349,test,1,unreadable
001454.jpg,2369,test,1,unreadable
001455.jpg,2369,test,1,unreadable
001456.jpg,2371,val,0,no_plate
001457.jpg,2375,test,0,no_plate
001458.jpg,2378,test,0,no_plate
001459.jpg,2378,test,1,unreadable
001460.jpg,2380,test,0,no_plate
001461.jpg,2381,test,1,unreadable
001462.jpg,2381,test,0,no_plate
001463.jpg,2381,test,0,no_plate
001464.jpg,2383,test,0,no_plate
001465.jpg,2383,test,0,no_plate
001466.jpg,2384,test,0,no_plate
001467.jpg,2384,test,0,no_plate
001468.jpg,2385,test,1,unreadable
001469.jpg,2385,test,1,51H60657
001470.jpg,2385,test,0,no_plate
001471.jpg,2387,test,1,unreadable
001472.jpg,2387,test,1,unreadable
001473.jpg,2387,test,1,unreadable
001474.jpg,2389,test,1,unreadable
001475.jpg,2389,test,1,unreadable
001476.jpg,2390,test,0,no_plate
001477.jpg,2393,test,1,unreadable
001478.jpg,2393,test,0,no_plate
001479.jpg,2393,test,1,unreadable
001480.jpg,2395,test,1,51H60657
001481.jpg,2395,test,1,51H60657
001482.jpg,2395,test,1,51H60657
001483.jpg,2396,val,1,unreadable
001484.jpg,2396,val,1,unreadable
001485.jpg,2396,val,1,unreadable
001486.jpg,2397,test,0,no_plate
001487.jpg,2397,test,0,no_plate
001488.jpg,2397,test,0,no_plate
001489.jpg,2401,test,1,30A75384
001490.jpg,2401,test,1,unreadable
001491.jpg,2405,val,0,no_plate
001492.jpg,2405,val,0,no_plate
001493.jpg,2405,val,0,no_plate
001494.jpg,2408,val,1,unreadable
001495.jpg,2408,val,1,unreadable
001496.jpg,2408,val,1,unreadable
001497.jpg,2412,test,0,no_plate
001498.jpg,2418,val,0,no_plate
001499.jpg,2418,val,0,no_plate
001500.jpg,2418,val,0,no_plate
001501.jpg,2436,val,1,unreadable
001502.jpg,2436,val,1,unreadable
001503.jpg,2438,test,1,30H1977
001504.jpg,2438,test,1,unreadable
001505.jpg,2439,test,0,no_plate
001506.jpg,2442,val,1,unreadable
001507.jpg,2442,val,1,unreadable
001508.jpg,2442,val,1,unreadable
001509.jpg,2443,test,1,unreadable
001510.jpg,2443,test,0,no_plate
001511.jpg,2445,test,0,no_plate
001512.jpg,2450,test,1,unreadable
001513.jpg,2451,val,1,unreadable
001514.jpg,2451,val,1,unreadable
001515.jpg,2451,val,1,unreadable
001516.jpg,2453,test,1,unreadable
001517.jpg,2458,test,0,no_plate
001518.jpg,2463,test,0,no_plate
001519.jpg,2463,test,0,no_plate
001520.jpg,2464,test,0,no_plate
001521.jpg,2464,test,0,no_plate
001522.jpg,2464,test,0,no_plate
001523.jpg,2465,test,1,unreadable
001524.jpg,2465,test,0,no_plate
001525.jpg,2466,test,0,no_plate
001526.jpg,2476,test,0,no_plate
001527.jpg,2478,val,0,no_plate
001528.jpg,2480,test,0,no_plate
001529.jpg,2486,test,0,no_plate
001530.jpg,2486,test,0,no_plate
001531.jpg,2486,test,0,no_plate
001532.jpg,2489,val,0,no_plate
001533.jpg,2489,val,0,no_plate
001534.jpg,2489,val,0,no_plate
001535.jpg,2490,test,0,no_plate
001536.jpg,2490,test,0,no_plate
001537.jpg,2490,test,0,no_plate
001538.jpg,2493,test,1,30G66964
001539.jpg,2493,test,0,no_plate
001540.jpg,2493,test,0,no_plate
001541.jpg,2499,test,0,no_plate
001542.jpg,2499,test,0,no_plate
001543.jpg,2499,test,0,no_plate
001544.jpg,2500,test,0,no_plate
001545.jpg,2500,test,0,no_plate
001546.jpg,2501,test,0,no_plate
001547.jpg,2501,test,0,no_plate
001548.jpg,2503,val,0,no_plate
001549.jpg,2503,val,0,no_plate
001550.jpg,2503,val,0,no_plate
001551.jpg,2504,val,1,30G66964
001552.jpg,2504,val,1,30G66964
001553.jpg,2504,val,1,30G66964
001554.jpg,2506,test,0,no_plate
001555.jpg,2507,val,1,30G66964
001556.jpg,2507,val,0,no_plate
001557.jpg,2507,val,1,30A69397
001558.jpg,2509,val,0,no_plate
001559.jpg,2510,test,0,no_plate
001560.jpg,2510,test,0,no_plate
001561.jpg,2510,test,0,no_plate
001562.jpg,2515,val,0,no_plate
001563.jpg,2515,val,0,no_plate
001564.jpg,2516,val,0,no_plate
001565.jpg,2516,val,0,no_plate
001566.jpg,2518,test,0,no_plate
001567.jpg,2518,test,0,no_plate
001568.jpg,2518,test,0,no_plate
001569.jpg,2519,val,0,no_plate
001570.jpg,2521,val,0,no_plate
001571.jpg,2521,val,0,no_plate
001572.jpg,2522,test,0,no_plate
001573.jpg,2522,test,0,no_plate
001574.jpg,2525,test,0,no_plate
001575.jpg,2527,val,0,no_plate
001576.jpg,2527,val,0,no_plate
001577.jpg,2529,test,0,no_plate
001578.jpg,2533,val,0,no_plate
001579.jpg,2535,test,0,no_plate
001580.jpg,2539,test,0,no_plate
001581.jpg,2539,test,0,no_plate
001582.jpg,2539,test,0,no_plate
001583.jpg,2540,test,1,unreadable
001584.jpg,2540,test,1,unreadable
001585.jpg,2548,test,0,no_plate
001586.jpg,2550,val,1,30G66964
001587.jpg,2550,val,1,30G66964
001588.jpg,2550,val,1,30G66964
001589.jpg,2560,test,1,unreadable
001590.jpg,2560,test,0,no_plate
001591.jpg,2560,test,1,unreadable
001592.jpg,2562,val,0,no_plate
001593.jpg,2563,test,0,no_plate
001594.jpg,2563,test,1,30F31586
001595.jpg,2563,test,0,no_plate
001596.jpg,2564,test,0,no_plate
001597.jpg,2564,test,0,no_plate
001598.jpg,2564,test,0,no_plate
001599.jpg,2565,val,0,no_plate
001600.jpg,2565,val,0,no_plate
001601.jpg,2579,val,1,30G66964
001602.jpg,2579,val,1,30G66964
001603.jpg,2579,val,1,30G66964
001604.jpg,2580,val,0,no_plate
001605.jpg,2586,test,1,30H11622
001606.jpg,2586,test,1,30H11622
001607.jpg,2586,test,1,30H11622
001608.jpg,2587,val,1,30A70374
001609.jpg,2587,val,1,30A70374
001610.jpg,2587,val,1,30A70374
001611.jpg,2588,test,0,no_plate
001612.jpg,2588,test,0,no_plate
001613.jpg,2588,test,0,no_plate
001614.jpg,2589,val,0,no_plate
001615.jpg,2589,val,0,no_plate
001616.jpg,2589,val,0,no_plate
001617.jpg,2590,test,0,no_plate
001618.jpg,2591,val,0,no_plate
001619.jpg,2591,val,0,no_plate
001620.jpg,2591,val,0,no_plate
001621.jpg,2592,val,0,no_plate
001622.jpg,2592,val,0,no_plate
001623.jpg,2594,test,0,no_plate
001624.jpg,2594,test,0,no_plate
001625.jpg,2594,test,0,no_plate
001626.jpg,2596,val,0,no_plate
001627.jpg,2596,val,0,no_plate
001628.jpg,2596,val,0,no_plate
001629.jpg,2597,test,0,no_plate
001630.jpg,2597,test,0,no_plate
001631.jpg,2597,test,0,no_plate
001632.jpg,2602,val,0,no_plate
001633.jpg,2616,test,1,unreadable
001634.jpg,2616,test,1,unreadable
001635.jpg,2623,test,0,no_plate
001636.jpg,2623,test,0,no_plate
001637.jpg,2623,test,0,no_plate
001638.jpg,2625,test,0,no_plate
001639.jpg,2626,test,0,no_plate
001640.jpg,2632,test,1,unreadable
001641.jpg,2633,test,1,unreadable
001642.jpg,2633,test,1,unreadable
001643.jpg,2634,test,0,no_plate
001644.jpg,2637,test,0,no_plate
001645.jpg,2637,test,0,no_plate
001646.jpg,2637,test,1,30A70374
001647.jpg,2648,val,0,no_plate
001648.jpg,2648,val,1,30A83139
001649.jpg,2648,val,1,30A83139
001650.jpg,2651,test,0,no_plate
001651.jpg,2651,test,0,no_plate
001652.jpg,2651,test,0,no_plate
001653.jpg,2653,val,1,30Y0471
001654.jpg,2653,val,1,30Y0471
001655.jpg,2653,val,1,unreadable
001656.jpg,2655,val,1,unreadable
001657.jpg,2655,val,1,unreadable
001658.jpg,2655,val,1,unreadable
001659.jpg,2658,test,0,no_plate
001660.jpg,2658,test,0,no_plate
001661.jpg,2658,test,0,no_plate
001662.jpg,2662,val,0,no_plate
001663.jpg,2662,val,0,no_plate
001664.jpg,2662,val,0,no_plate
001665.jpg,2663,val,0,no_plate
001666.jpg,2663,val,0,no_plate
001667.jpg,2666,val,1,30A83139
001668.jpg,2666,val,1,30A83139
001669.jpg,2666,val,1,30A83139
001670.jpg,2667,val,0,no_plate
001671.jpg,2675,val,1,30A70374
001672.jpg,2675,val,0,no_plate
001673.jpg,2675,val,0,no_plate
001674.jpg,2678,val,1,30A70374
001675.jpg,2678,val,1,30A70374
001676.jpg,2678,val,1,30A70374
001677.jpg,2681,val,0,no_plate
001678.jpg,2681,val,0,no_plate
001679.jpg,2681,val,1,unreadable
001680.jpg,2683,test,0,no_plate
001681.jpg,2683,test,0,no_plate
001682.jpg,2683,test,0,no_plate
001683.jpg,2688,val,1,30A83139
001684.jpg,2688,val,1,30A83139
001685.jpg,2688,val,1,30A83139
001686.jpg,2690,val,1,unreadable
001687.jpg,2695,val,0,no_plate
001688.jpg,2696,val,0,no_plate
001689.jpg,2697,val,0,no_plate
001690.jpg,2697,val,0,no_plate
001691.jpg,2697,val,0,no_plate
001692.jpg,2700,test,1,unreadable
001693.jpg,2700,test,1,unreadable
001694.jpg,2700,test,1,unreadable
001695.jpg,2702,test,0,no_plate
001696.jpg,2702,test,0,no_plate
001697.jpg,2702,test,0,no_plate
001698.jpg,2703,test,0,no_plate
001699.jpg,2706,val,0,no_plate
001700.jpg,2706,val,0,no_plate
001701.jpg,2707,test,0,no_plate
