"annotation_id","annotator","created_at","id","image","label","lead_time","plate_text","updated_at"
2,"1","2026-09-29T16:21:23.308598Z",1702,"/data/local-files/?d=test%5C000401.jpg","",9.034,"no plate","2026-09-29T16:21:23.308598Z"
3,"1","2026-09-29T16:22:12.864400Z",1703,"/data/local-files/?d=test%5C000402.jpg","",4.665,"no plate","2026-09-29T16:22:12.864400Z"
4,"1","2026-09-29T16:22:21.105044Z",1704,"/data/local-files/?d=test%5C000403.jpg","",3.107,"no plate","2026-09-29T16:22:21.105044Z"
5,"1","2026-09-29T17:05:46.283096Z",1705,"/data/local-files/?d=test%5C000404.jpg","",4.215,"no plate","2026-09-29T17:05:46.283096Z"
6,"1","2026-09-29T17:05:51.424568Z",1706,"/data/local-files/?d=test%5C000405.jpg","",3.303,"no plate","2026-09-29T17:05:51.424568Z"
7,"1","2026-09-29T17:05:52.856659Z",1707,"/data/local-files/?d=test%5C000406.jpg","",3.3169999999999997,"no plate","2026-09-29T17:05:52.856659Z"
8,"1","2026-09-29T17:27:14.856251Z",1708,"/data/local-files/?d=test%5C000407.jpg","[{""points"":[[23.68237154731693,6.918238993710692],[89.02497333480451,27.463312368972748],[67.41697009820147,91.40461215932913],[9.161793372319687,68.13417190775681]],""closed"":true,""polygonlabels"":[""plate""],""original_width"":114,""original_height"":94}]",274.109,"unreadable","2026-09-29T17:27:14.856251Z"
9,"1","2026-09-29T17:27:35.509005Z",1709,"/data/local-files/?d=test%5C000408.jpg","[{""points"":[[28.547727855451487,7.547169811320755],[85.95689486146931,21.80293501048218],[66.66365021190595,88.25995807127882],[12.077884861921783,66.66666666666666]],""closed"":true,""polygonlabels"":[""plate""],""original_width"":139,""original_height"":104}]",16.834,"unreadable","2026-09-29T17:27:35.509005Z"
10,"1","2026-09-29T17:30:15.871805Z",1710,"/data/local-files/?d=test%5C000409.jpg","[{""points"":[[29.860541427399507,3.9832285115303985],[79.31212590769604,10.482180293501047],[72.20247318688664,55.13626834381551],[23.066873271959405,50.524109014675055]],""closed"":true,""polygonlabels"":[""plate""],""original_width"":69,""original_height"":52}]",23.76,"unreadable","2026-09-29T17:30:15.871805Z"
11,"1","2026-09-29T17:30:34.444869Z",1711,"/data/local-files/?d=test%5C000410.jpg","",5.014,"no plate","2026-09-29T17:30:34.444869Z"
12,"1","2026-09-29T17:31:03.415121Z",1712,"/data/local-files/?d=test%5C000411.jpg","[{""points"":[[32.90493118220763,4.821802935010482],[61.30708230790265,8.176100628930817],[58.18977303800929,32.28511530398323],[32.212195788898,31.027253668763105]],""closed"":true,""polygonlabels"":[""plate""],""original_width"":92,""original_height"":76}]",37.909,"unreadable","2026-09-29T17:32:50.209754Z"
13,"1","2026-09-29T17:33:06.058441Z",1713,"/data/local-files/?d=test%5C000412.jpg","[{""points"":[[29.78000689966298,1.4675052410901468],[59.23095294960593,6.918238993710692],[57.25658785128574,29.979035639413],[29.121885200222913,29.559748427672954],[29.78000689966298,2.7253668763102725]],""closed"":true,""polygonlabels"":[""plate""],""original_width"":79,""original_height"":62}]",14.717,"unreadable","2026-09-29T17:33:06.058441Z"
14,"1","2026-09-29T17:33:18.873626Z",1714,"/data/local-files/?d=test%5C000413.jpg","[{""points"":[[23.927743888021947,5.660377358490567],[49.24260336375531,9.643605870020966],[44.21430935830142,35.01048218029351],[19.766397124887693,29.140461215932916]],""closed"":true,""polygonlabels"":[""plate""],""original_width"":133,""original_height"":110}]",11.114,"unreadable","2026-09-29T17:33:18.873626Z"
15,"1","2026-09-29T17:33:37.460730Z",1715,"/data/local-files/?d=test%5C000414.jpg","[{""points"":[[14.819182389937108,7.756813417190776],[43.26519916142558,10.901467505241092],[40.19916142557652,36.68763102725367],[11.75314465408805,32.914046121593294]],""closed"":true,""polygonlabels"":[""plate""],""original_width"":96,""original_height"":78}]",16.341,"unreadable","2026-09-29T17:33:37.460730Z"
16,"1","2026-09-29T17:33:51.876634Z",1716,"/data/local-files/?d=test%5C000415.jpg","",67.674,"no plate","2026-09-29T17:36:59.192826Z"
17,"1","2026-09-29T17:34:08.530450Z",1717,"/data/local-files/?d=test%5C000416.jpg","",3.862,"no plate","2026-09-29T17:34:08.530450Z"
18,"1","2026-09-29T17:37:08.453023Z",1718,"/data/local-files/?d=test%5C000417.jpg","",3.134,"no plate","2026-09-29T17:37:08.453023Z"
19,"1","2026-09-29T17:37:14.361640Z",1719,"/data/local-files/?d=test%5C000418.jpg","",4.894,"no plate","2026-09-29T17:37:14.361640Z"
20,"1","2026-09-29T17:37:55.329646Z",1720,"/data/local-files/?d=test%5C000419.jpg","[{""points"":[[48.684287812041134,4.980862280638408],[52.23788546255509,31.545461110709912],[59.34508076358299,22.69059483401941],[56.14684287812043,0]],""closed"":true,""polygonlabels"":[""plate""],""original_width"":190,""original_height"":61}]",40.043,"unreadable","2026-09-29T17:37:55.329646Z"
21,"1","2026-09-29T17:38:01.319951Z",1721,"/data/local-files/?d=test%5C000420.jpg","",3.792,"no plate","2026-09-29T17:38:01.319951Z"
22,"1","2026-09-29T17:38:16.911289Z",1722,"/data/local-files/?d=test%5C000421.jpg","[{""points"":[[37.026286082889854,28.30188679245283],[62.53830027414933,29.559748427672954],[61.18368005160458,47.58909853249476],[35.6716658603451,48.0083857442348]],""closed"":true,""polygonlabels"":[""plate""],""original_width"":78,""original_height"":84}]",12.873,"unreadable","2026-09-29T17:38:16.911289Z"
23,"1","2026-09-29T17:38:27.149505Z",1723,"/data/local-files/?d=test%5C000422.jpg","[{""points"":[[39.924855019194645,33.752620545073384],[63.92224128073185,35.22012578616353],[63.07277628032345,53.03983228511531],[38.22592501837785,53.03983228511531]],""closed"":true,""polygonlabels"":[""plate""],""original_width"":77,""original_height"":78}]",8.993,"unreadable","2026-09-29T17:38:27.149505Z"
24,"1","2026-09-29T17:38:39.724035Z",1724,"/data/local-files/?d=test%5C000423.jpg","[{""points"":[[47.9559748427673,33.9622641509434],[69.77201257861635,35.84905660377358],[68.39622641509435,53.24947589098532],[46.776729559748425,51.57232704402516]],""closed"":true,""polygonlabels"":[""plate""],""original_width"":80,""original_height"":75}]",11.502,"unreadable","2026-09-29T17:38:39.724035Z"
25,"1","2026-09-29T17:38:44.872248Z",1725,"/data/local-files/?d=test%5C000424.jpg","",2.619,"no plate","2026-09-29T17:38:44.872248Z"
26,"1","2026-09-29T17:38:48.427019Z",1726,"/data/local-files/?d=test%5C000425.jpg","",2.731,"no plate","2026-09-29T17:38:48.427019Z"
27,"1","2026-09-29T17:38:52.067518Z",1727,"/data/local-files/?d=test%5C000426.jpg","",2.645,"no plate","2026-09-29T17:38:52.067518Z"
28,"1","2026-09-29T17:39:14.424940Z",1728,"/data/local-files/?d=test%5C000427.jpg","",5.123,"no plate","2026-09-29T17:39:14.424940Z"
29,"1","2026-09-29T17:39:30.903276Z",1729,"/data/local-files/?d=test%5C000428.jpg","",11.363,"no plate","2026-09-29T17:39:30.903276Z"
30,"1","2026-09-29T17:39:42.836837Z",1730,"/data/local-files/?d=test%5C000429.jpg","",2.8,"no plate","2026-09-29T17:39:42.836837Z"
31,"1","2026-09-29T17:39:58.375714Z",1731,"/data/local-files/?d=test%5C000430.jpg","",5.576,"no plate","2026-09-29T17:39:58.375714Z"
32,"1","2026-09-29T17:41:04.528038Z",1732,"/data/local-files/?d=test%5C000431.jpg","[{""points"":[[2.4963289280469896,1.3868494044705497],[88.83994126284875,26.350138684940443],[84.28781204111603,85.70729319627999],[2.2026431718061676,56.86082558329254]],""closed"":true,""polygonlabels"":[""plate""],""original_width"":102,""original_height"":54}]",72.422,"30H86534","2026-09-29T17:44:03.415175Z"
33,"1","2026-09-29T17:41:13.084564Z",1733,"/data/local-files/?d=test%5C000432.jpg","",2.835,"no plate","2026-09-29T17:41:13.085568Z"
34,"1","2026-09-29T17:41:16.504465Z",1734,"/data/local-files/?d=test%5C000433.jpg","",2.485,"no plate","2026-09-29T17:41:16.504465Z"
35,"1","2026-09-29T17:41:25.482244Z",1735,"/data/local-files/?d=test%5C000434.jpg","",2.752,"no plate","2026-09-29T17:41:25.482244Z"
36,"1","2026-09-29T17:41:29.631001Z",1736,"/data/local-files/?d=test%5C000435.jpg","",2.796,"no plate","2026-09-29T17:41:29.631001Z"
37,"1","2026-09-29T17:41:34.192401Z",1737,"/data/local-files/?d=test%5C000436.jpg","",3.703,"no plate","2026-09-29T17:41:34.192401Z"
38,"1","2026-09-29T17:42:03.775171Z",1738,"/data/local-files/?d=test%5C000437.jpg","[{""points"":[[15.198237885462557,18.293869309838477],[88.76651982378854,40.257892804698976],[86.27019089574156,87.0200073421439],[14.4640234948605,62.930433186490454],[14.75770925110132,18.293869309838477]],""closed"":true,""polygonlabels"":[""plate""],""original_width"":193,""original_height"":80}]",34.345,"30E38828","2026-09-29T17:43:53.796290Z"
39,"1","2026-09-29T17:43:45.438840Z",1739,"/data/local-files/?d=test%5C000438.jpg","[{""points"":[[14.425264284758462,18.658280922431867],[77.15330746242027,15.09433962264151],[87.64440876042643,80.92243186582809],[24.479236362014365,89.09853249475891]],""closed"":true,""polygonlabels"":[""plate""],""original_width"":141,""original_height"":147}]",98.314,"30E38828","2026-09-29T17:43:45.438840Z"
40,"1","2026-09-29T17:44:33.958935Z",1740,"/data/local-files/?d=test%5C000439.jpg","[{""points"":[[16.37298091042584,16.355000149839665],[87.44493392070486,40.85378644850011],[84.0675477239354,86.25820372201746],[13.142437591776796,60.12616500344632]],""closed"":true,""polygonlabels"":[""plate""],""original_width"":218,""original_height"":98}]",20.168,"30E38828","2026-09-29T17:44:33.958935Z"
41,"1","2026-09-29T17:44:59.815131Z",1741,"/data/local-files/?d=test%5C000440.jpg","[{""points"":[[20.734378422353632,13.20754716981132],[14.410651146781808,51.362683438155145],[77.64792390250007,89.93710691823901],[88.97180762852403,45.70230607966457]],""closed"":true,""polygonlabels"":[""plate""],""original_width"":268,""original_height"":188}]",24.002,"unreadable","2026-09-29T17:44:59.815131Z"
42,"1","2026-09-29T17:45:05.760087Z",1742,"/data/local-files/?d=test%5C000441.jpg","",3.408,"no plate","2026-09-29T17:45:05.760087Z"
43,"1","2026-09-29T17:45:08.951403Z",1743,"/data/local-files/?d=test%5C000442.jpg","",2.308,"no plate","2026-09-29T17:45:08.951403Z"
44,"1","2026-09-29T17:45:12.730999Z",1744,"/data/local-files/?d=test%5C000443.jpg","",2.003,"no plate","2026-09-29T17:45:12.730999Z"
45,"1","2026-09-29T17:45:37.540542Z",1745,"/data/local-files/?d=test%5C000444.jpg","[{""points"":[[12.555066079295155,35.05873715124816],[12.261380323054333,75.03671071953009],[82.74596182085168,68.97944199706313],[83.92070484581497,29.405286343612335]],""closed"":true,""polygonlabels"":[""plate""],""original_width"":121,""original_height"":44}]",23.924,"30A11531","2026-09-29T17:45:37.540542Z"
46,"1","2026-09-29T17:45:58.285089Z",1746,"/data/local-files/?d=test%5C000445.jpg","[{""points"":[[14.170337738619676,31.376072339438903],[15.198237885462554,82.87927969703995],[85.5359765051395,74.60197851456837],[86.27019089574155,28.157121879588836]],""closed"":true,""polygonlabels"":[""plate""],""original_width"":119,""original_height"":38}]",19.025,"30A11531","2026-09-29T17:45:58.285089Z"
47,"1","2026-09-29T17:46:11.688541Z",1747,"/data/local-files/?d=test%5C000446.jpg","[{""points"":[[9.61820851688693,24.920782131540307],[10.205580029368576,72.52878893268414],[88.03230543318648,67.42793106113302],[88.61967694566813,21.52021021717289]],""closed"":true,""polygonlabels"":[""plate""],""original_width"":110,""original_height"":38}]",11.541,"30A11531","2026-09-29T17:46:11.688541Z"
48,"1","2026-09-29T17:47:06.683637Z",1748,"/data/local-files/?d=test%5C000447.jpg","[{""points"":[[13.598673300165837,31.446540880503143],[30.34825870646766,85.74423480083857],[84.24543946932008,71.48846960167715],[67.49585406301824,17.81970649895178]],""closed"":true,""polygonlabels"":[""plate""],""original_width"":67,""original_height"":53}]",28.403999999999996,"unreadable","2026-09-29T17:47:06.683637Z"
49,"1","2026-09-29T17:47:31.204266Z",1749,"/data/local-files/?d=test%5C000448.jpg","[{""points"":[[15.56534508076358,31.966565006212576],[32.452276064610864,88.62532474867275],[78.56093979441995,72.09985315712187],[64.02349486049926,19.948040212357395]],""closed"":true,""polygonlabels"":[""plate""],""original_width"":76,""original_height"":52}]",21.418,"unreadable","2026-09-29T17:47:31.204266Z"
50,"1","2026-09-29T17:48:32.169866Z",1750,"/data/local-files/?d=test%5C000449.jpg","[{""points"":[[13.816139428642945,29.874213836477974],[32.214712600519405,89.62264150943395],[85.26393191276323,71.59329140461215],[67.1720016270847,12.89308176100628]],""closed"":true,""polygonlabels"":[""plate""],""original_width"":67,""original_height"":49}]",59.203,"unreadable","2026-09-29T17:48:32.169866Z"
51,"1","2026-09-29T17:49:00.105430Z",1751,"/data/local-files/?d=test%5C000450.jpg","[{""points"":[[16.142557651991616,20.754716981132077],[85.11530398322851,23.060796645702304],[86.74586536221757,85.1153039832285],[18.42534358257629,84.0670859538784]],""closed"":true,""polygonlabels"":[""plate""],""original_width"":81,""original_height"":63}]",26.882,"30E38828","2026-09-29T17:49:00.105430Z"
52,"1","2026-09-29T17:49:15.802973Z",1752,"/data/local-files/?d=test%5C000451.jpg","[{""points"":[[16.702605570530103,21.90775681341719],[82.3809523809524,23.165618448637314],[82.99191374663071,86.26834381551363],[19.14645103324349,85.63941299790356]],""closed"":true,""polygonlabels"":[""plate""],""original_width"":70,""original_height"":51}]",11.678,"30E38828","2026-09-29T17:49:15.802973Z"
53,"1","2026-09-29T17:49:30.880897Z",1753,"/data/local-files/?d=test%5C000452.jpg","[{""points"":[[14.86140228278593,22.222222222222218],[85.41035794704557,23.689727463312366],[85.92282009472784,82.38993710691823],[16.74043015762093,81.76100628930817]],""closed"":true,""polygonlabels"":[""plate""],""original_width"":54,""original_height"":44}]",13.636,"30E38828","2026-09-29T17:49:30.880897Z"
54,"1","2026-09-29T17:49:49.763753Z",1754,"/data/local-files/?d=test%5C000453.jpg","[{""points"":[[15.31541833428626,31.236897274633122],[62.19935201067277,29.979035639413],[70.95101963026491,73.79454926624737],[22.660567943586813,77.9874213836478]],""closed"":true,""polygonlabels"":[""plate""],""original_width"":55,""original_height"":41}]",17.858,"unreadable","2026-09-29T17:49:49.763753Z"
55,"1","2026-09-29T17:50:20.951658Z",1755,"/data/local-files/?d=test%5C000454.jpg","[{""points"":[[3.3039647577092506,12.69717209037942],[87.44493392070483,28.613045331817528],[85.24229074889867,78.84752025010656],[3.891336270190895,59.2013642177064]],""closed"":true,""polygonlabels"":[""plate""],""original_width"":105,""original_height"":62}]",28.259,"30H86534","2026-09-29T17:50:20.951658Z"
56,"1","2026-09-29T17:50:35.501323Z",1756,"/data/local-files/?d=test%5C000455.jpg","[{""points"":[[19.750367107195295,13.803230543318643],[17.547723935389122,62.169603524229075],[83.62701908957413,82.45227606461086],[86.85756240822319,29.40528634361233]],""closed"":true,""polygonlabels"":[""plate""],""original_width"":136,""original_height"":64}]",13.256,"30H86534","2026-09-29T17:50:35.501323Z"
57,"1","2026-09-29T17:50:48.536082Z",1757,"/data/local-files/?d=test%5C000456.jpg","[{""points"":[[10.79295154185022,14.019998601496392],[88.03230543318648,32.368365848542055],[85.53597650513952,85.9800013985036],[9.47136563876652,64.76470176910706]],""closed"":true,""polygonlabels"":[""plate""],""original_width"":123,""original_height"":63}]",11.045,"30H86534","2026-09-29T17:50:48.536082Z"
58,"1","2026-09-29T17:51:01.181593Z",1758,"/data/local-files/?d=test%5C000457.jpg","[{""points"":[[13.72980910425844,42.94223490724079],[32.37885462555065,91.36936154371156],[86.56387665198237,57.274927095613315],[69.08957415565344,10.58509648197555]],""closed"":true,""polygonlabels"":[""plate""],""original_width"":105,""original_height"":71}]",10.635,"unreadable","2026-09-29T17:51:01.181593Z"
59,"1","2026-09-29T17:51:12.245072Z",1759,"/data/local-files/?d=test%5C000458.jpg","[{""points"":[[12.848751835535973,43.04025942241801],[33.99412628487518,93.3645374449339],[91.70337738619676,56.95974057758198],[71.43906020558,9.419358786098874]],""closed"":true,""polygonlabels"":[""plate""],""original_width"":105,""original_height"":72}]",9.793,"unreadable","2026-09-29T17:51:12.245072Z"
60,"1","2026-09-29T17:51:17.490819Z",1760,"/data/local-files/?d=test%5C000459.jpg","",3.331,"no plate","2026-09-29T17:51:17.490819Z"
61,"1","2026-09-29T17:51:23.402703Z",1761,"/data/local-files/?d=test%5C000460.jpg","",4.598,"no plate","2026-09-29T17:51:23.402703Z"
62,"1","2026-09-29T17:51:27.241643Z",1762,"/data/local-files/?d=test%5C000461.jpg","",2.773,"no plate","2026-09-29T17:51:27.241643Z"
63,"1","2026-09-29T17:51:30.492668Z",1763,"/data/local-files/?d=test%5C000462.jpg","",2.348,"no plate","2026-09-29T17:51:30.493669Z"
64,"1","2026-09-29T17:51:35.515795Z",1764,"/data/local-files/?d=test%5C000463.jpg","",2.92,"no plate","2026-09-29T17:51:35.515795Z"
65,"1","2026-09-29T17:51:38.595456Z",1765,"/data/local-files/?d=test%5C000464.jpg","",2.086,"no plate","2026-09-29T17:51:38.595456Z"
66,"1","2026-09-29T17:51:42.466175Z",1766,"/data/local-files/?d=test%5C000465.jpg","",1.972,"no plate","2026-09-29T17:51:42.467175Z"
67,"1","2026-09-29T17:51:46.258552Z",1767,"/data/local-files/?d=test%5C000466.jpg","",2.808,"no plate","2026-09-29T17:51:46.258552Z"
68,"1","2026-09-29T17:52:02.659626Z",1768,"/data/local-files/?d=test%5C000467.jpg","[{""points"":[[12.848751835535976,35.93531750295476],[86.8575624082232,29.116077504387377],[86.8575624082232,70.03151749579169],[13.729809104258441,78.98176999391139]],""closed"":true,""polygonlabels"":[""plate""],""original_width"":119,""original_height"":41}]",15.57,"30A11531","2026-09-29T17:52:02.659626Z"
69,"1","2026-09-29T17:52:19.424761Z",1769,"/data/local-files/?d=test%5C000468.jpg","[{""points"":[[14.023494860499266,33.81146807062784],[14.464023494860498,74.68751119229253],[88.61967694566813,65.78381863113785],[88.47283406754772,26.931342000644676],[14.61086637298091,32.597328175924936]],""closed"":true,""polygonlabels"":[""plate""],""original_width"":113,""original_height"":41}]",14.657,"30A11531","2026-09-29T17:52:19.424761Z"
70,"1","2026-09-29T17:52:31.129142Z",1770,"/data/local-files/?d=test%5C000469.jpg","[{""points"":[[8.443465491923643,39.5929378820476],[10.352422907488988,82.00662500426871],[84.21439060205581,71.01048389850767],[83.62701908957415,33.3094286787556]],""closed"":true,""polygonlabels"":[""plate""],""original_width"":115,""original_height"":43}]",10.801,"30A11531","2026-09-29T17:52:31.129142Z"
71,"1","2026-09-29T17:52:34.767203Z",1771,"/data/local-files/?d=test%5C000470.jpg","",2.179,"no plate","2026-09-29T17:52:34.767203Z"
72,"1","2026-09-29T17:52:37.866984Z",1772,"/data/local-files/?d=test%5C000471.jpg","",2.15,"no plate","2026-09-29T17:52:37.866984Z"
73,"1","2026-09-29T17:52:40.891407Z",1773,"/data/local-files/?d=test%5C000472.jpg","",2.133,"no plate","2026-09-29T17:52:40.891407Z"
74,"1","2026-09-29T17:53:03.113023Z",1774,"/data/local-files/?d=test%5C000473.jpg","[{""points"":[[13.289280469897202,12.696367716731771],[80.54331864904552,18.91363976394314],[80.3964757709251,87.8688388330147],[15.051395007342135,85.60801263402875]],""closed"":true,""polygonlabels"":[""plate""],""original_width"":102,""original_height"":53}]",20.761,"30H55556","2026-09-29T17:53:03.113023Z"
75,"1","2026-09-29T17:53:18.045193Z",1775,"/data/local-files/?d=test%5C000474.jpg","[{""points"":[[19.603524229074885,17.196769456681345],[17.988252569750358,68.42731277533038],[73.7885462555066,73.65491923641703],[74.37591776798826,21.378854625550655]],""closed"":true,""polygonlabels"":[""plate""],""original_width"":89,""original_height"":50}]",13.74,"30H55556","2026-09-29T17:53:18.045193Z"
76,"1","2026-09-29T17:53:27.931829Z",1776,"/data/local-files/?d=test%5C000475.jpg","[{""points"":[[25.477239353891335,20.597274869378143],[76.431718061674,22.03155414404262],[75.99118942731278,77.96844585595738],[24.155653450807637,75.09988730662842]],""closed"":true,""polygonlabels"":[""plate""],""original_width"":84,""original_height"":43}]",9.036,"30H55556","2026-09-29T17:53:27.931829Z"
77,"1","2026-09-29T17:53:40.467344Z",1777,"/data/local-files/?d=test%5C000476.jpg","[{""points"":[[10.35242290748899,14.432459137881349],[84.65491923641704,12.905018732759688],[91.99706314243763,83.3854831405163],[17.69456681350955,89.27703898884269]],""closed"":true,""polygonlabels"":[""plate""],""original_width"":159,""original_height"":107}]",10.916,"30H55556","2026-09-29T17:53:40.467344Z"
78,"1","2026-09-29T17:54:07.979574Z",1778,"/data/local-files/?d=test%5C000477.jpg","[{""points"":[[16.079295154185022,7.288976657045927],[89.5007342143906,33.5181528178642],[85.97650513950073,83.49536685401792],[13.289280469897214,58.68398399918983]],""closed"":true,""polygonlabels"":[""plate""],""original_width"":210,""original_height"":87}]",26.37,"unreadable","2026-09-29T17:54:07.979574Z"
79,"1","2026-09-29T17:54:27.105118Z",1779,"/data/local-files/?d=test%5C000478.jpg","[{""points"":[[16.079295154185022,9.547723935389135],[13.729809104258445,51.80714635340187],[81.71806167400881,83.22369065100342],[87.00440528634363,35.959862946647085],[17.400881057268723,9.825746451297116]],""closed"":true,""polygonlabels"":[""plate""],""original_width"":284,""original_height"":150}]",16.923,"unreadable","2026-09-29T17:54:27.105118Z"
80,"1","2026-09-29T17:54:32.545391Z",1780,"/data/local-files/?d=test%5C000479.jpg","",2.653,"no plate","2026-09-29T17:54:32.545391Z"
81,"1","2026-09-29T17:54:35.539256Z",1781,"/data/local-files/?d=test%5C000480.jpg","",1.863,"no plate","2026-09-29T17:54:35.539256Z"
82,"1","2026-09-29T17:54:52.984107Z",1782,"/data/local-files/?d=test%5C000481.jpg","[{""points"":[[40.74889867841409,42.257534438151175],[61.16005873715123,44.41822250192293],[61.30690161527165,60.62338298021117],[41.04258443465491,58.82280959373469]],""closed"":true,""polygonlabels"":[""plate""],""original_width"":103,""original_height"":42}]",16.595,"unreadable","2026-09-29T17:54:52.984107Z"
83,"1","2026-09-29T17:55:05.119078Z",1783,"/data/local-files/?d=test%5C000482.jpg","[{""points"":[[40.01468428781204,34.69073457254397],[64.53744493392071,38.01081623151034],[65.41850220264317,54.24232656423482],[41.04258443465491,52.028938791590576]],""closed"":true,""polygonlabels"":[""plate""],""original_width"":103,""original_height"":41}]",11.182,"unreadable","2026-09-29T17:55:05.119078Z"
84,"1","2026-09-29T17:55:30.428487Z",1784,"/data/local-files/?d=test%5C000483.jpg","[{""points"":[[13.836477987421384,14.465408805031446],[11.768958288151522,84.48637316561845],[84.2911877394636,86.58280922431865],[86.51774741560038,20.125786163522015],[13.518398033687559,13.626834381551362]],""closed"":true,""polygonlabels"":[""plate""],""original_width"":261,""original_height"":198}]",24.356,"29A35609","2026-09-29T17:55:30.428487Z"
85,"1","2026-09-29T17:55:43.588647Z",1785,"/data/local-files/?d=test%5C000484.jpg","[{""points"":[[13.478303100944611,12.683438155136265],[11.457953910784099,85.42976939203353],[84.1905247565625,87.31656184486371],[88.07581166071732,18.134171907756812]],""closed"":true,""polygonlabels"":[""plate""],""original_width"":259,""original_height"":192}]",11.941,"29A35609","2026-09-29T17:55:43.588647Z"
86,"1","2026-09-29T17:55:57.581549Z",1786,"/data/local-files/?d=test%5C000485.jpg","[{""points"":[[14.575182819128743,14.570230607966458],[11.979398801564898,88.15513626834384],[86.79905577840508,90.8805031446541],[87.86790802093137,16.876310272536692]],""closed"":true,""polygonlabels"":[""plate""],""original_width"":254,""original_height"":185}]",11.909,"29A35609","2026-09-29T17:55:57.581549Z"
87,"1","2026-09-29T17:56:08.156008Z",1787,"/data/local-files/?d=test%5C000486.jpg","[{""points"":[[15.03222299868002,28.30188679245283],[21.865051634443667,70.64989517819706],[71.91552139141237,68.55345911949685],[62.00791986955508,26.415094339622634]],""closed"":true,""polygonlabels"":[""plate""],""original_width"":54,""original_height"":44}]",9.237,"unreadable","2026-09-29T17:56:08.156008Z"
88,"1","2026-09-29T17:56:16.706169Z",1788,"/data/local-files/?d=test%5C000487.jpg","[{""points"":[[20.125786163522015,34.17190775681343],[68.30569849437774,32.49475890985327],[74.55688965122927,77.9874213836478],[28.359062321326473,81.13207547169813]],""closed"":true,""polygonlabels"":[""plate""],""original_width"":55,""original_height"":40}]",7.538,"unreadable","2026-09-29T17:56:16.706169Z"
89,"1","2026-09-29T17:56:20.416042Z",1789,"/data/local-files/?d=test%5C000488.jpg","",2.821,"no plate","2026-09-29T17:56:20.416042Z"
90,"1","2026-09-29T17:56:40.569809Z",1790,"/data/local-files/?d=test%5C000489.jpg","[{""points"":[[11.96769456681351,23.46339416823998],[13.582966226138032,80.39647577092511],[88.47283406754772,80.87895951332075],[87.73861967694567,22.980910425844346]],""closed"":true,""polygonlabels"":[""plate""],""original_width"":253,""original_height"":77}]",19.092,"30G99159","2026-09-29T17:56:40.569809Z"
91,"1","2026-09-29T17:56:54.465031Z",1791,"/data/local-files/?d=test%5C000490.jpg","[{""points"":[[13.436123348017626,23.35168869309839],[12.848751835535982,77.09618208516889],[88.17914831130693,79.33553597650516],[88.32599118942734,29.174008810572694]],""closed"":true,""polygonlabels"":[""plate""],""original_width"":244,""original_height"":80}]",12.816,"30G99159","2026-09-29T17:56:54.465031Z"
92,"1","2026-09-29T17:57:11.310066Z",1792,"/data/local-files/?d=test%5C000491.jpg","[{""points"":[[12.701908957415565,16.817323645517476],[12.555066079295155,72.56421992104812],[89.20704845814977,80.08562656139748],[89.64757709251101,26.99334439422545],[12.26138032305433,16.817323645517476]],""closed"":true,""polygonlabels"":[""plate""],""original_width"":232,""original_height"":77}]",14.779,"30G99159","2026-09-29T17:57:11.310066Z"
93,"1","2026-09-29T17:57:35.928782Z",1793,"/data/local-files/?d=test%5C000492.jpg","[{""points"":[[4.47870778267254,4.809771726071287],[85.53597650513947,32.12254705646776],[84.06754772393538,85.25830997196636],[3.8913362701908953,54.46936323588307]],""closed"":true,""polygonlabels"":[""plate""],""original_width"":93,""original_height"":55}]",23.689,"30H86534","2026-09-29T17:57:35.928782Z"
94,"1","2026-09-29T17:57:52.157101Z",1794,"/data/local-files/?d=test%5C000493.jpg","[{""points"":[[17.841409691629952,10.762719184590136],[15.345080763582963,54.47006996631251],[84.06754772393539,80.29714088278482],[83.92070484581497,35.09976677895828]],""closed"":true,""polygonlabels"":[""plate""],""original_width"":115,""original_height"":68}]",14.888,"30H86534","2026-09-29T17:57:52.157101Z"
95,"1","2026-09-29T17:57:58.129869Z",1795,"/data/local-files/?d=test%5C000494.jpg","",3.813,"no plate","2026-09-29T17:57:58.129869Z"
96,"1","2026-09-29T17:58:23.912762Z",1796,"/data/local-files/?d=test%5C000495.jpg","[{""points"":[[10.61320754716981,31.446540880503143],[82.0754716981132,14.465408805031446],[88.97405660377358,67.29559748427673],[16.9811320754717,87.42138364779873]],""closed"":true,""polygonlabels"":[""plate""],""original_width"":96,""original_height"":81}]",24.6,"29AA67757","2026-09-29T17:58:23.912762Z"
97,"1","2026-09-29T17:58:37.851866Z",1797,"/data/local-files/?d=test%5C000496.jpg","[{""points"":[[13.140547666904407,32.494758909853246],[81.95552097516695,15.513626834381553],[87.14257926473448,68.9727463312369],[20.056625386327774,88.0503144654088]],""closed"":true,""polygonlabels"":[""plate""],""original_width"":97,""original_height"":80}]",12.555,"29AA67757","2026-09-29T17:58:37.851866Z"
98,"1","2026-09-29T17:58:41.980916Z",1798,"/data/local-files/?d=test%5C000497.jpg","",3.203,"no plate","2026-09-29T17:58:41.980916Z"
99,"1","2026-09-29T17:58:45.230003Z",1799,"/data/local-files/?d=test%5C000498.jpg","",2.226,"no plate","2026-09-29T17:58:45.230003Z"
100,"1","2026-09-29T17:58:48.862083Z",1800,"/data/local-files/?d=test%5C000499.jpg","",2.16,"no plate","2026-09-29T17:58:48.862083Z"
101,"1","2026-09-29T17:59:06.795380Z",1801,"/data/local-files/?d=test%5C000500.jpg","[{""points"":[[51.61527165932453,38.414096916299556],[55.87371512481645,59.14676559239508],[61.01321585903084,54.26849060978437],[58.223201174743025,33.12929901847129]],""closed"":true,""polygonlabels"":[""plate""],""original_width"":263,""original_height"":95}]",17.022,"unreadable","2026-09-29T17:59:06.795380Z"
102,"1","2026-09-29T17:59:15.522256Z",1802,"/data/local-files/?d=test%5C000501.jpg","[{""points"":[[51.90895741556535,33.53997305357495],[55.2863436123348,54.56121228635875],[61.60058737151248,50.198313577667776],[58.07635829662261,29.573701500219506]],""closed"":true,""polygonlabels"":[""plate""],""original_width"":262,""original_height"":97}]",7.767,"unreadable","2026-09-29T17:59:15.522256Z"
103,"1","2026-09-29T17:59:51.000141Z",1803,"/data/local-files/?d=test%5C000502.jpg","",33.94,"no plate","2026-09-29T17:59:51.000141Z"
104,"1","2026-09-29T17:59:55.280230Z",1804,"/data/local-files/?d=test%5C000503.jpg","",2.703,"no plate","2026-09-29T17:59:55.280230Z"
105,"1","2026-09-29T18:00:19.763884Z",1805,"/data/local-files/?d=test%5C000504.jpg","[{""points"":[[15.932452276064607,24.494030517780754],[20.925110132158586,83.10349230671005],[82.89280469897209,80.49862733831321],[77.60646108663728,24.27695843708102]],""closed"":true,""polygonlabels"":[""plate""],""original_width"":68,""original_height"":46}]",23.526,"30H80316","2026-09-29T18:00:19.763884Z"
106,"1","2026-09-29T18:00:39.617041Z",1806,"/data/local-files/?d=test%5C000505.jpg","[{""points"":[[20.631424375917774,28.938124442141017],[81.57121879588841,26.277677003253565],[83.92070484581498,75.93936252915262],[25.917767988252578,84.36411275229621]],""closed"":true,""polygonlabels"":[""plate""],""original_width"":77,""original_height"":51}]",18.027,"30H80316","2026-09-29T18:00:39.617041Z"
107,"1","2026-09-29T18:00:56.101523Z",1807,"/data/local-files/?d=test%5C000506.jpg","[{""points"":[[16.29955947136564,27.153163506352556],[20.998531571218802,86.81606333397178],[83.11306901615272,80.11236672412693],[79.00146842878121,26.929706952691063]],""closed"":true,""polygonlabels"":[""plate""],""original_width"":70,""original_height"":46}]",15.4,"30H80316","2026-09-29T18:00:56.101523Z"
108,"1","2026-09-29T18:01:01.145202Z",1808,"/data/local-files/?d=test%5C000507.jpg","",3.477,"no plate","2026-09-29T18:01:01.145202Z"
109,"1","2026-09-29T18:01:04.415401Z",1809,"/data/local-files/?d=test%5C000508.jpg","",2.391,"no plate","2026-09-29T18:01:04.415401Z"
110,"1","2026-09-29T18:01:15.690396Z",1810,"/data/local-files/?d=test%5C000509.jpg","[{""points"":[[51.174743024963284,33.650380456547865],[54.40528634361234,71.41569883860633],[88.32599118942731,71.18542250700843],[88.32599118942731,35.4925911093312]],""closed"":true,""polygonlabels"":[""plate""],""original_width"":69,""original_height"":44}]",10.068,"unreadable","2026-09-29T18:01:15.690396Z"
111,"1","2026-09-29T18:01:26.723671Z",1811,"/data/local-files/?d=test%5C000510.jpg","[{""points"":[[40.30837004405286,25.703010279001465],[80.83700440528634,25.255139500734213],[84.5080763582966,66.6831864904552],[42.80469897209985,71.83370044052863]],""closed"":true,""polygonlabels"":[""plate""],""original_width"":61,""original_height"":40}]",10.258,"unreadable","2026-09-29T18:01:26.723671Z"
112,"1","2026-09-29T18:01:30.618130Z",1812,"/data/local-files/?d=test%5C000511.jpg","",2.932,"no plate","2026-09-29T18:01:30.618130Z"
113,"1","2026-09-29T18:01:35.625067Z",1813,"/data/local-files/?d=test%5C000512.jpg","",3.986,"no plate","2026-09-29T18:01:35.625067Z"
114,"1","2026-09-29T18:01:38.515191Z",1814,"/data/local-files/?d=test%5C000513.jpg","",2.092,"no plate","2026-09-29T18:01:38.515191Z"
115,"1","2026-09-29T18:01:44.001105Z",1815,"/data/local-files/?d=test%5C000514.jpg","",2.269,"no plate","2026-09-29T18:01:44.001105Z"
116,"1","2026-09-29T18:01:47.788038Z",1816,"/data/local-files/?d=test%5C000515.jpg","",2.852,"no plate","2026-09-29T18:01:47.788038Z"
117,"1","2026-09-29T18:01:51.589224Z",1817,"/data/local-files/?d=test%5C000516.jpg","",2.88,"no plate","2026-09-29T18:01:51.589224Z"
118,"1","2026-09-29T18:02:05.596552Z",1818,"/data/local-files/?d=test%5C000517.jpg","[{""points"":[[10.79295154185022,22.45176970985873],[88.32599118942733,28.57359866322346],[88.61967694566813,83.67005924350602],[12.848751835535976,76.13550053167249]],""closed"":true,""polygonlabels"":[""plate""],""original_width"":279,""original_height"":87}]",13.154,"30G99159","2026-09-29T18:02:05.596552Z"
119,"1","2026-09-29T18:02:21.190935Z",1819,"/data/local-files/?d=test%5C000518.jpg","[{""points"":[[12.848751835535982,9.718601096826404],[87.59177679882526,26.849770745302532],[88.61967694566812,79.63229344601275],[14.023494860499271,65.7421558931943]],""closed"":true,""polygonlabels"":[""plate""],""original_width"":309,""original_height"":98}]",14.167,"30G99159","2026-09-29T18:02:21.190935Z"
120,"1","2026-09-29T18:02:28.629818Z",1820,"/data/local-files/?d=test%5C000519.jpg","",5.229,"no plate","2026-09-29T18:02:28.629818Z"
121,"1","2026-09-29T18:02:39.199298Z",1821,"/data/local-files/?d=test%5C000520.jpg","",9.748,"no plate","2026-09-29T18:02:39.199298Z"
122,"1","2026-09-29T18:03:33.363300Z",1822,"/data/local-files/?d=test%5C000521.jpg","",2.791,"no plate","2026-09-29T18:03:33.363300Z"
123,"1","2026-09-29T18:03:39.898956Z",1823,"/data/local-files/?d=test%5C000522.jpg","",2.878,"no plate","2026-09-29T18:03:39.898956Z"
124,"1","2026-09-29T18:03:44.058742Z",1824,"/data/local-files/?d=test%5C000523.jpg","",2.565,"no plate","2026-09-29T18:03:44.058742Z"
125,"1","2026-09-29T18:03:47.540479Z",1825,"/data/local-files/?d=test%5C000524.jpg","",2.601,"no plate","2026-09-29T18:03:47.540479Z"
126,"1","2026-09-29T18:03:51.351597Z",1826,"/data/local-files/?d=test%5C000525.jpg","",2.561,"no plate","2026-09-29T18:03:51.351597Z"
127,"1","2026-09-29T18:03:58.501771Z",1827,"/data/local-files/?d=test%5C000526.jpg","",2.414,"no plate","2026-09-29T18:03:58.501771Z"
128,"1","2026-09-29T18:04:01.381824Z",1828,"/data/local-files/?d=test%5C000527.jpg","",2.121,"no plate","2026-09-29T18:04:01.381824Z"
129,"1","2026-09-29T18:04:05.035735Z",1829,"/data/local-files/?d=test%5C000528.jpg","",2.133,"no plate","2026-09-29T18:04:05.035735Z"
130,"1","2026-09-29T18:04:28.747362Z",1830,"/data/local-files/?d=test%5C000529.jpg","[{""points"":[[12.244471754339461,17.81970649895178],[85.71130228037623,16.9811320754717],[86.20769978393054,89.30817610062893],[11.91354008530326,89.51781970649894]],""closed"":true,""polygonlabels"":[""plate""],""original_width"":261,""original_height"":206}]",22.518,"29A35609","2026-09-29T18:04:28.747362Z"
131,"1","2026-09-29T18:04:43.033597Z",1831,"/data/local-files/?d=test%5C000530.jpg","[{""points"":[[12.558490566037737,14.255765199161424],[86.94339622641509,14.046121593291405],[87.90943396226415,86.79245283018868],[13.524528301886793,91.61425576519916]],""closed"":true,""polygonlabels"":[""plate""],""original_width"":250,""original_height"":192}]",13.036,"29A35609","2026-09-29T18:04:43.033597Z"
132,"1","2026-09-29T18:04:56.129907Z",1832,"/data/local-files/?d=test%5C000531.jpg","[{""points"":[[10.418022121014964,19.07756813417191],[83.34417696811971,15.723270440251572],[89.49251789199741,82.59958071278825],[15.370852309694211,91.61425576519916]],""closed"":true,""polygonlabels"":[""plate""],""original_width"":232,""original_height"":189}]",10.8,"29A35609","2026-09-29T18:04:56.129907Z"
133,"1","2026-09-29T18:05:00.038591Z",1833,"/data/local-files/?d=test%5C000532.jpg","",2.993,"no plate","2026-09-29T18:05:00.038591Z"
134,"1","2026-09-29T18:05:03.825968Z",1834,"/data/local-files/?d=test%5C000533.jpg","",2.895,"no plate","2026-09-29T18:05:03.825968Z"
135,"1","2026-09-29T18:05:15.928892Z",1835,"/data/local-files/?d=test%5C000534.jpg","[{""points"":[[9.608927980328179,24.528301886792452],[84.07811982787156,14.675052410901468],[90.48407181475702,79.87421383647799],[16.014879967213634,94.33962264150944]],""closed"":true,""polygonlabels"":[""plate""],""original_width"":266,""original_height"":254}]",11.206,"29A35609","2026-09-29T18:05:15.928892Z"
136,"1","2026-09-29T18:06:40.526779Z",1836,"/data/local-files/?d=test%5C000535.jpg","[{""points"":[[10.868936600881948,30.398322851153043],[78.53683221282441,13.20754716981132],[88.35393623942745,89.09853249475891],[67.31728475384948,100],[17.179932046555336,99.58071278825996]],""closed"":true,""polygonlabels"":[""plate""],""original_width"":232,""original_height"":194}]",83.703,"29A35609","2026-09-29T18:06:40.526779Z"
137,"1","2026-09-29T18:07:00.569309Z",1837,"/data/local-files/?d=test%5C000536.jpg","[{""points"":[[8.946477734838727,29.979035639413],[79.87926548963148,17.19077568134172],[87.5476749766361,82.80922431865828],[19.59704646678959,97.06498951781971]],""closed"":true,""polygonlabels"":[""plate""],""original_width"":249,""original_height"":253}]",15.269,"29A35609","2026-09-29T18:07:00.569309Z"
138,"1","2026-09-29T18:07:16.479303Z",1838,"/data/local-files/?d=test%5C000537.jpg","[{""points"":[[13.718217491802395,26.83438155136268],[82.15341611568026,12.997903563941298],[87.7654141805085,69.81132075471697],[20.88910390797183,87.63102725366876]],""closed"":true,""polygonlabels"":[""plate""],""original_width"":156,""original_height"":116}]",14.457,"30H80316","2026-09-29T18:07:16.479303Z"
139,"1","2026-09-29T18:07:34.684842Z",1839,"/data/local-files/?d=test%5C000538.jpg","[{""points"":[[14.75128644939966,29.559748427672954],[80.8042691061559,12.368972746331238],[87.52429959977131,69.60167714884696],[23.11034877072613,90.14675052410901]],""closed"":true,""polygonlabels"":[""plate""],""original_width"":165,""original_height"":129}]",16.841,"30H80316","2026-09-29T18:07:34.684842Z"
140,"1","2026-09-29T18:07:52.244597Z",1840,"/data/local-files/?d=test%5C000539.jpg","[{""points"":[[13.426998663675263,30.398322851153043],[79.47331641472655,10.69182389937107],[87.81982909755172,64.98951781970649],[21.773511346500424,90.35639412997904]],""closed"":true,""polygonlabels"":[""plate""],""original_width"":171,""original_height"":148}]",16.512,"30H80316","2026-09-29T18:07:52.244597Z"
141,"1","2026-09-29T18:08:05.520158Z",1841,"/data/local-files/?d=test%5C000540.jpg","[{""points"":[[18.196288531718302,34.38155136268344],[83.13533659445609,29.979035639413],[89.31205838962653,83.22851153039832],[24.539948753785232,93.9203354297694]],""closed"":true,""polygonlabels"":[""plate""],""original_width"":54,""original_height"":43}]",11.71,"unreadable","2026-09-29T18:08:05.520158Z"
142,"1","2026-09-29T18:08:24.711319Z",1842,"/data/local-files/?d=test%5C000541.jpg","[{""points"":[[29.748072344810428,27.463312368972748],[91.85943218562342,26.62473794549266],[92.51323597342144,80.92243186582809],[30.074974238709444,81.9706498951782]],""closed"":true,""polygonlabels"":[""plate""],""original_width"":59,""original_height"":46}]",16.568,"unreadable","2026-09-29T18:08:24.711319Z"
143,"1","2026-09-29T18:08:42.986540Z",1843,"/data/local-files/?d=test%5C000542.jpg","[{""points"":[[22.982624453682977,29.97903563941299],[25.01510144618555,86.58280922431865],[84.11327861279891,81.55136268343814],[80.20466901183244,26.205450733752617]],""closed"":true,""polygonlabels"":[""plate""],""original_width"":59,""original_height"":44}]",17.393,"unreadable","2026-09-29T18:08:42.986540Z"
144,"1","2026-09-29T18:08:47.494593Z",1844,"/data/local-files/?d=test%5C000543.jpg","",2.934,"no plate","2026-09-29T18:08:47.494593Z"
145,"1","2026-09-29T18:08:50.460688Z",1845,"/data/local-files/?d=test%5C000544.jpg","",2.118,"no plate","2026-09-29T18:08:50.460688Z"
146,"1","2026-09-29T18:08:53.184723Z",1846,"/data/local-files/?d=test%5C000545.jpg","",1.758,"no plate","2026-09-29T18:08:53.184723Z"
147,"1","2026-09-29T18:09:14.173095Z",1847,"/data/local-files/?d=test%5C000546.jpg","[{""points"":[[20.89005652416209,0.41928721174004197],[20.720218666242072,16.142557651991616],[51.460870949765145,13.626834381551362],[51.29103309184513,0.628930817610063]],""closed"":true,""polygonlabels"":[""plate""],""original_width"":79,""original_height"":64}]",20.142,"unreadable","2026-09-29T18:09:14.173095Z"
148,"1","2026-09-29T18:09:26.016246Z",1848,"/data/local-files/?d=test%5C000547.jpg","[{""points"":[[24.905660377358487,1.0482180293501047],[24.905660377358487,25.366876310272534],[51.75202156334231,24.528301886792452],[51.42857142857142,0.20964360587002093]],""closed"":true,""polygonlabels"":[""plate""],""original_width"":70,""original_height"":54}]",9.541,"unreadable","2026-09-29T18:09:26.016246Z"
149,"1","2026-09-29T18:09:44.159450Z",1849,"/data/local-files/?d=test%5C000548.jpg","[{""points"":[[27.617051013277425,23.060796645702304],[53.05380852550664,23.89937106918239],[54.14395527603075,44.23480083857442],[28.70719776380154,43.18658280922432]],""closed"":true,""polygonlabels"":[""plate""],""original_width"":60,""original_height"":52}]",16.428,"unreadable","2026-09-29T18:09:44.159450Z"
150,"1","2026-09-29T18:10:00.660559Z",1850,"/data/local-files/?d=test%5C000549.jpg","[{""points"":[[13.562811483950338,28.721174004192875],[81.74343137624123,11.740041928721174],[88.15827464567721,68.9727463312369],[18.877967335768712,90.14675052410901]],""closed"":true,""polygonlabels"":[""plate""],""original_width"":167,""original_height"":146}]",15.581,"30H80316","2026-09-29T18:10:00.660559Z"
151,"1","2026-09-29T18:10:25.729017Z",1851,"/data/local-files/?d=test%5C000550.jpg","[{""points"":[[13.201787730089617,27.044025157232703],[83.37019374755224,10.90146750524109],[88.97643237265879,70.85953878406708],[20.073951206026678,91.40461215932913]],""closed"":true,""polygonlabels"":[""plate""],""original_width"":182,""original_height"":157}]",14.005,"30H80316","2026-09-29T18:10:25.729017Z"
152,"1","2026-09-29T18:10:41.270935Z",1852,"/data/local-files/?d=test%5C000551.jpg","[{""points"":[[12.681508919499427,28.721174004192875],[80.37838741623902,11.11111111111111],[87.46511298890044,67.08595387840671],[20.514205605072604,91.19496855345912]],""closed"":true,""polygonlabels"":[""plate""],""original_width"":163,""original_height"":145}]",14.42,"30H80316","2026-09-29T18:10:41.270935Z"
153,"1","2026-09-29T18:10:46.442298Z",1853,"/data/local-files/?d=test%5C000552.jpg","",2.417,"no plate","2026-09-29T18:10:46.442298Z"
154,"1","2026-09-29T18:11:11.412594Z",1854,"/data/local-files/?d=test%5C000553.jpg","[{""points"":[[26.232328119120567,16.9811320754717],[91.59812933397838,30.81761006289308],[76.97683169381281,83.64779874213836],[9.030801483631672,66.0377358490566]],""closed"":true,""polygonlabels"":[""plate""],""original_width"":78,""original_height"":80}]",23.121,"15A45328","2026-09-29T18:11:11.412594Z"
155,"1","2026-09-29T18:11:27.266750Z",1855,"/data/local-files/?d=test%5C000554.jpg","[{""points"":[[24.20556107249255,16.561844863731658],[94.75339291625289,34.59119496855346],[78.8232373386296,88.67924528301887],[8.896060906984442,68.34381551362684]],""closed"":true,""polygonlabels"":[""plate""],""original_width"":76,""original_height"":75}]",13.91,"15A45328","2026-09-29T18:11:27.266750Z"
156,"1","2026-09-29T18:11:40.189010Z",1856,"/data/local-files/?d=test%5C000555.jpg","[{""points"":[[22.487967638113798,15.932914046121594],[94.77072076062242,36.058700209643604],[78.3063158827177,94.54926624737946],[5.220421058847846,72.32704402515722]],""closed"":true,""polygonlabels"":[""plate""],""original_width"":71,""original_height"":68}]",11.167,"15A45328","2026-09-29T18:11:40.189010Z"
157,"1","2026-09-29T18:11:44.613981Z",1857,"/data/local-files/?d=test%5C000556.jpg","",3.409,"no plate","2026-09-29T18:11:44.613981Z"
158,"1","2026-09-29T18:11:48.020851Z",1858,"/data/local-files/?d=test%5C000557.jpg","",1.818,"no plate","2026-09-29T18:11:48.020851Z"
159,"1","2026-09-29T18:11:51.160994Z",1859,"/data/local-files/?d=test%5C000558.jpg","",2.124,"no plate","2026-09-29T18:11:51.160994Z"
160,"1","2026-09-29T18:12:36.886819Z",1860,"/data/local-files/?d=test%5C000559.jpg","[{""points"":[[16.072676450034944,55.13626834381552],[80.71278825995807,11.949685534591197],[89.97204751921734,42.976939203354306],[26.554856743535986,87.00209643605871]],""closed"":true,""polygonlabels"":[""plate""],""original_width"":138,""original_height"":115}]",43.979,"29A35609","2026-09-29T18:12:36.886819Z"
161,"1","2026-09-29T18:12:52.388531Z",1861,"/data/local-files/?d=test%5C000560.jpg","[{""points"":[[14.729004809470958,52.620545073375254],[76.39659637439881,11.320754716981133],[84.48945615982242,40.88050314465409],[23.46929337772845,85.1153039832285]],""closed"":true,""polygonlabels"":[""plate""],""original_width"":136,""original_height"":105}]",13.886,"29A35609","2026-09-29T18:12:52.388531Z"
162,"1","2026-09-29T18:13:04.654793Z",1862,"/data/local-files/?d=test%5C000561.jpg","[{""points"":[[21.518623818959824,54.29769392033543],[78.59768530484477,11.320754716981133],[87.3510238074725,37.735849056603776],[30.271962321587548,84.90566037735849]],""closed"":true,""polygonlabels"":[""plate""],""original_width"":146,""original_height"":127}]",11.234,"29A35609","2026-09-29T18:13:04.654793Z"
163,"1","2026-09-29T18:13:10.128024Z",1863,"/data/local-files/?d=test%5C000562.jpg","",3.992,"no plate","2026-09-29T18:13:10.128024Z"
164,"1","2026-09-29T18:13:13.145187Z",1864,"/data/local-files/?d=test%5C000563.jpg","",2.21,"no plate","2026-09-29T18:13:13.145187Z"
165,"1","2026-09-29T18:13:16.756813Z",1865,"/data/local-files/?d=test%5C000564.jpg","",2.127,"no plate","2026-09-29T18:13:16.756813Z"
166,"1","2026-09-29T18:13:19.504979Z",1866,"/data/local-files/?d=test%5C000565.jpg","",1.895,"no plate","2026-09-29T18:13:19.504979Z"
167,"1","2026-09-29T18:13:22.030024Z",1867,"/data/local-files/?d=test%5C000566.jpg","",1.707,"no plate","2026-09-29T18:13:22.030024Z"
168,"1","2026-09-29T18:13:25.712322Z",1868,"/data/local-files/?d=test%5C000567.jpg","",2.4,"no plate","2026-09-29T18:13:25.712322Z"
169,"1","2026-09-29T18:13:29.958187Z",1869,"/data/local-files/?d=test%5C000568.jpg","",2.568,"no plate","2026-09-29T18:13:29.958187Z"
170,"1","2026-09-29T18:13:33.152247Z",1870,"/data/local-files/?d=test%5C000569.jpg","",2.068,"no plate","2026-09-29T18:13:33.152247Z"
171,"1","2026-09-29T18:13:37.401137Z",1871,"/data/local-files/?d=test%5C000570.jpg","",2.768,"no plate","2026-09-29T18:13:37.401137Z"
172,"1","2026-09-29T18:13:40.752071Z",1872,"/data/local-files/?d=test%5C000571.jpg","",1.915,"no plate","2026-09-29T18:13:40.752071Z"
173,"1","2026-09-29T18:13:45.066709Z",1873,"/data/local-files/?d=test%5C000572.jpg","",3.497,"no plate","2026-09-29T18:13:45.066709Z"
174,"1","2026-09-29T18:13:48.348329Z",1874,"/data/local-files/?d=test%5C000573.jpg","",2.354,"no plate","2026-09-29T18:13:48.348329Z"
175,"1","2026-09-29T18:13:52.986613Z",1875,"/data/local-files/?d=test%5C000574.jpg","",3.116,"no plate","2026-09-29T18:13:52.987127Z"
176,"1","2026-09-29T18:13:55.932585Z",1876,"/data/local-files/?d=test%5C000575.jpg","",2.155,"no plate","2026-09-29T18:13:55.932585Z"
177,"1","2026-09-29T18:13:58.938802Z",1877,"/data/local-files/?d=test%5C000576.jpg","",2.087,"no plate","2026-09-29T18:13:58.938802Z"
178,"1","2026-09-29T18:14:03.131788Z",1878,"/data/local-files/?d=test%5C000577.jpg","",2.337,"no plate","2026-09-29T18:14:03.131788Z"
179,"1","2026-09-29T18:14:28.276919Z",1879,"/data/local-files/?d=test%5C000578.jpg","[{""points"":[[12.114537444933912,36.07170710115295],[90.08810572687224,6.97152372320468],[87.88546255506606,71.38987838037222],[13.876651982378846,95.76439095335454]],""closed"":true,""polygonlabels"":[""plate""],""original_width"":354,""original_height"":209}]",20.675,"30H80316","2026-09-29T18:14:28.276919Z"
180,"1","2026-09-29T18:14:43.102046Z",1880,"/data/local-files/?d=test%5C000579.jpg","[{""points"":[[11.233480176211454,20.41089307168602],[88.91336270190894,8.439727673207845],[87.15124816446401,74.84581497797355],[12.408223201174742,93.81898277933519]],""closed"":true,""polygonlabels"":[""plate""],""original_width"":423,""original_height"":275}]",12.219,"30H80316","2026-09-29T18:14:43.102046Z"
181,"1","2026-09-29T18:14:56.371711Z",1881,"/data/local-files/?d=test%5C000580.jpg","[{""points"":[[11.527165932452274,20.01790276185303],[89.06020558002939,8.733128155613212],[86.56387665198238,74.22907488986783],[12.26138032305433,91.70941202502362]],""closed"":true,""polygonlabels"":[""plate""],""original_width"":440,""original_height"":292}]",11.559,"30H80316","2026-09-29T18:14:56.371711Z"
182,"1","2026-09-29T18:14:59.932494Z",1882,"/data/local-files/?d=test%5C000581.jpg","",2.44,"no plate","2026-09-29T18:14:59.932494Z"
183,"1","2026-09-29T18:15:03.900495Z",1883,"/data/local-files/?d=test%5C000582.jpg","",1.9,"no plate","2026-09-29T18:15:03.900495Z"
184,"1","2026-09-29T18:15:06.799476Z",1884,"/data/local-files/?d=test%5C000583.jpg","",1.786,"no plate","2026-09-29T18:15:06.799476Z"
185,"1","2026-09-29T18:15:10.711389Z",1885,"/data/local-files/?d=test%5C000584.jpg","",2.553,"no plate","2026-09-29T18:15:10.711389Z"
186,"1","2026-09-29T18:15:13.962396Z",1886,"/data/local-files/?d=test%5C000585.jpg","",2.308,"no plate","2026-09-29T18:15:13.962396Z"
187,"1","2026-09-29T18:15:55.362132Z",1887,"/data/local-files/?d=test%5C000586.jpg","[{""points"":[[14.61086637298091,38.644150758688205],[75.11013215859032,30.97895252080274],[77.75330396475772,67.60156632403329],[18.28193832599119,80.09300048947627]],""closed"":true,""polygonlabels"":[""plate""],""original_width"":87,""original_height"":45}]",39.418,"30G99159","2026-09-29T18:15:55.362132Z"
188,"1","2026-09-29T18:15:59.742411Z",1888,"/data/local-files/?d=test%5C000587.jpg","",3.384,"no plate","2026-09-29T18:15:59.742411Z"
189,"1","2026-09-29T18:16:02.993456Z",1889,"/data/local-files/?d=test%5C000588.jpg","",2.434,"no plate","2026-09-29T18:16:02.993456Z"
190,"1","2026-09-29T18:16:06.966131Z",1890,"/data/local-files/?d=test%5C000589.jpg","",2.241,"no plate","2026-09-29T18:16:06.966131Z"
191,"1","2026-09-29T18:16:11.423224Z",1891,"/data/local-files/?d=test%5C000590.jpg","",3.088,"no plate","2026-09-29T18:16:11.423224Z"
192,"1","2026-09-29T18:16:14.883553Z",1892,"/data/local-files/?d=test%5C000591.jpg","",1.82,"no plate","2026-09-29T18:16:14.883553Z"
193,"1","2026-09-29T18:16:18.342642Z",1893,"/data/local-files/?d=test%5C000592.jpg","",2.074,"no plate","2026-09-29T18:16:18.342642Z"
194,"1","2026-09-29T18:16:21.057486Z",1894,"/data/local-files/?d=test%5C000593.jpg","",1.832,"no plate","2026-09-29T18:16:21.057486Z"
195,"1","2026-09-29T18:16:28.706322Z",1895,"/data/local-files/?d=test%5C000594.jpg","",5.835,"no plate","2026-09-29T18:16:28.706322Z"
196,"1","2026-09-29T18:16:33.811511Z",1896,"/data/local-files/?d=test%5C000595.jpg","",2.433,"no plate","2026-09-29T18:16:33.811511Z"
197,"1","2026-09-29T18:16:36.759660Z",1897,"/data/local-files/?d=test%5C000596.jpg","",2.118,"no plate","2026-09-29T18:16:36.759660Z"
198,"1","2026-09-29T18:16:39.839026Z",1898,"/data/local-files/?d=test%5C000597.jpg","",2.231,"no plate","2026-09-29T18:16:39.839026Z"
199,"1","2026-09-29T18:16:43.624716Z",1899,"/data/local-files/?d=test%5C000598.jpg","",2.212,"no plate","2026-09-29T18:16:43.624716Z"
200,"1","2026-09-29T18:16:46.564875Z",1900,"/data/local-files/?d=test%5C000599.jpg","",2.077,"no plate","2026-09-29T18:16:46.564875Z"
201,"1","2026-09-29T18:16:49.401979Z",1901,"/data/local-files/?d=test%5C000600.jpg","",1.891,"no plate","2026-09-29T18:16:49.401979Z"
