image,plate_text,tl_x,tl_y,tr_x,tr_y,br_x,br_y,bl_x,bl_y
000601.jpg,no_plate,0,0,0,0,0,0,0,0
000602.jpg,no_plate,0,0,0,0,0,0,0,0
000603.jpg,no_plate,0,0,0,0,0,0,0,0
000604.jpg,no_plate,0,0,0,0,0,0,0,0
000605.jpg,30H80316,59,60,385,29,377,207,55,257
000606.jpg,30H80316,53,61,382,35,375,212,52,262
000607.jpg,no_plate,0,0,0,0,0,0,0,0
000608.jpg,no_plate,0,0,0,0,0,0,0,0
000609.jpg,no_plate,0,0,0,0,0,0,0,0
000610.jpg,no_plate,0,0,0,0,0,0,0,0
000611.jpg,no_plate,0,0,0,0,0,0,0,0
000612.jpg,no_plate,0,0,0,0,0,0,0,0
000613.jpg,no_plate,0,0,0,0,0,0,0,0
000614.jpg,no_plate,0,0,0,0,0,0,0,0
000615.jpg,no_plate,0,0,0,0,0,0,0,0
000616.jpg,no_plate,0,0,0,0,0,0,0,0
000617.jpg,no_plate,0,0,0,0,0,0,0,0
000618.jpg,29A60686,43,25,15,77,68,106,102,47
000619.jpg,no_plate,0,0,0,0,0,0,0,0
000620.jpg,29A60686,51,28,17,87,67,122,109,58
000621.jpg,unreadable,115,5,121,23,132,20,126,4
000622.jpg,unreadable,112,4,118,21,130,19,124,4
000623.jpg,no_plate,0,0,0,0,0,0,0,0
000624.jpg,no_plate,0,0,0,0,0,0,0,0
000625.jpg,15A45328,5,54,93,19,99,51,12,87
000626.jpg,15A45328,0,37,80,13,83,40,0,66
000627.jpg,15A45328,6,52,92,17,96,50,14,89
000628.jpg,no_plate,0,0,0,0,0,0,0,0
000629.jpg,no_plate,0,0,0,0,0,0,0,0
000630.jpg,unreadable,36,11,49,13,48,22,35,21
000631.jpg,no_plate,0,0,0,0,0,0,0,0
000632.jpg,no_plate,0,0,0,0,0,0,0,0
000633.jpg,no_plate,0,0,0,0,0,0,0,0
000634.jpg,no_plate,0,0,0,0,0,0,0,0
000635.jpg,no_plate,0,0,0,0,0,0,0,0
000636.jpg,no_plate,0,0,0,0,0,0,0,0
000637.jpg,no_plate,0,0,0,0,0,0,0,0
000638.jpg,no_plate,0,0,0,0,0,0,0,0
000639.jpg,29A60686,23,57,116,9,112,50,22,102
000640.jpg,29A60686,18,55,103,8,104,44,18,97
000641.jpg,no_plate,0,0,0,0,0,0,0,0
000642.jpg,no_plate,0,0,0,0,0,0,0,0
000643.jpg,no_plate,0,0,0,0,0,0,0,0
000644.jpg,no_plate,0,0,0,0,0,0,0,0
000645.jpg,no_plate,0,0,0,0,0,0,0,0
000646.jpg,no_plate,0,0,0,0,0,0,0,0
000647.jpg,no_plate,0,0,0,0,0,0,0,0
000648.jpg,no_plate,0,0,0,0,0,0,0,0
000649.jpg,no_plate,0,0,0,0,0,0,0,0
000650.jpg,no_plate,0,0,0,0,0,0,0,0
000651.jpg,no_plate,0,0,0,0,0,0,0,0
000652.jpg,no_plate,0,0,0,0,0,0,0,0
000653.jpg,no_plate,0,0,0,0,0,0,0,0
000654.jpg,no_plate,0,0,0,0,0,0,0,0
000655.jpg,no_plate,0,0,0,0,0,0,0,0
000656.jpg,no_plate,0,0,0,0,0,0,0,0
000657.jpg,no_plate,0,0,0,0,0,0,0,0
000658.jpg,no_plate,0,0,0,0,0,0,0,0
000659.jpg,no_plate,0,0,0,0,0,0,0,0
000660.jpg,no_plate,0,0,0,0,0,0,0,0
000661.jpg,no_plate,0,0,0,0,0,0,0,0
000662.jpg,no_plate,0,0,0,0,0,0,0,0
000663.jpg,no_plate,0,0,0,0,0,0,0,0
000664.jpg,no_plate,0,0,0,0,0,0,0,0
000665.jpg,no_plate,0,0,0,0,0,0,0,0
000666.jpg,no_plate,0,0,0,0,0,0,0,0
000667.jpg,no_plate,0,0,0,0,0,0,0,0
000668.jpg,30H79533,35,78,205,6,199,78,33,166
000669.jpg,30H79533,23,61,130,10,130,48,25,101
000670.jpg,30H79533,24,76,143,9,141,48,28,117
000671.jpg,no_plate,0,0,0,0,0,0,0,0
000672.jpg,no_plate,0,0,0,0,0,0,0,0
000673.jpg,no_plate,0,0,0,0,0,0,0,0
000674.jpg,no_plate,0,0,0,0,0,0,0,0
000675.jpg,no_plate,0,0,0,0,0,0,0,0
000676.jpg,no_plate,0,0,0,0,0,0,0,0
000677.jpg,no_plate,0,0,0,0,0,0,0,0
000678.jpg,unreadable,309,8,327,2,338,30,321,40
000679.jpg,unreadable,270,25,287,19,279,0,260,1
000680.jpg,no_plate,0,0,0,0,0,0,0,0
000681.jpg,30H79533,37,58,205,8,198,78,31,148
000682.jpg,30H79533,36,82,198,3,190,72,29,158
000683.jpg,unreadable,478,301,652,244,645,311,480,312
000684.jpg,no_plate,0,0,0,0,0,0,0,0
000685.jpg,no_plate,0,0,0,0,0,0,0,0
000686.jpg,15A45328,26,55,141,10,130,53,16,100
000687.jpg,no_plate,0,0,0,0,0,0,0,0
000688.jpg,unreadable,15,16,13,37,51,36,59,17
000689.jpg,30H80316,28,56,145,17,141,83,29,125
000690.jpg,30H80316,24,44,148,15,143,83,25,114
000691.jpg,30H80316,22,37,138,15,136,76,23,98
000692.jpg,unreadable,53,0,81,0,81,6,52,8
000693.jpg,no_plate,0,0,0,0,0,0,0,0
000694.jpg,no_plate,0,0,0,0,0,0,0,0
000695.jpg,no_plate,0,0,0,0,0,0,0,0
000696.jpg,no_plate,0,0,0,0,0,0,0,0
000697.jpg,no_plate,0,0,0,0,0,0,0,0
000698.jpg,unreadable,16,20,62,14,63,27,18,35
000699.jpg,unreadable,15,18,59,11,61,26,17,33
000700.jpg,unreadable,9,17,52,12,54,24,12,30
000701.jpg,unreadable,117,9,134,9,138,25,123,28
000702.jpg,unreadable,114,3,130,2,134,17,120,19
000703.jpg,unreadable,113,7,129,7,133,21,118,22
000704.jpg,no_plate,0,0,0,0,0,0,0,0
000705.jpg,no_plate,0,0,0,0,0,0,0,0
000706.jpg,no_plate,0,0,0,0,0,0,0,0
000707.jpg,unreadable,14,5,62,13,61,35,12,24
000708.jpg,unreadable,2,35,33,36,32,44,3,43
000709.jpg,unreadable,9,9,55,13,54,28,8,24
000710.jpg,unreadable,54,20,79,19,78,30,55,31
000711.jpg,unreadable,23,21,50,22,49,32,24,33
000712.jpg,unreadable,51,19,80,19,78,31,52,32
000713.jpg,no_plate,0,0,0,0,0,0,0,0
000714.jpg,no_plate,0,0,0,0,0,0,0,0
000715.jpg,no_plate,0,0,0,0,0,0,0,0
000716.jpg,unreadable,76,4,95,3,99,22,80,22
000717.jpg,unreadable,27,4,41,4,40,9,27,10
000718.jpg,no_plate,0,0,0,0,0,0,0,0
000719.jpg,no_plate,0,0,0,0,0,0,0,0
000720.jpg,no_plate,0,0,0,0,0,0,0,0
000721.jpg,unreadable,32,12,47,13,46,17,33,17
000722.jpg,unreadable,26,12,42,12,42,18,27,18
000723.jpg,no_plate,0,0,0,0,0,0,0,0
000724.jpg,no_plate,0,0,0,0,0,0,0,0
000725.jpg,no_plate,0,0,0,0,0,0,0,0
000726.jpg,unreadable,61,19,78,19,79,29,61,30
000727.jpg,unreadable,25,5,37,4,37,11,25,11
000728.jpg,no_plate,0,0,0,0,0,0,0,0
000729.jpg,unreadable,26,16,58,18,56,42,26,39
000730.jpg,no_plate,0,0,0,0,0,0,0,0
000731.jpg,unreadable,16,12,46,13,45,33,16,32
000732.jpg,unreadable,28,26,50,26,49,40,27,40
000733.jpg,no_plate,0,0,0,0,0,0,0,0
000734.jpg,unreadable,27,14,59,17,57,45,26,39
000735.jpg,no_plate,0,0,0,0,0,0,0,0
000736.jpg,no_plate,0,0,0,0,0,0,0,0
000737.jpg,30H26853,8,20,58,10,70,53,23,67
000738.jpg,30H26853,11,19,52,11,63,52,22,63
000739.jpg,no_plate,0,0,0,0,0,0,0,0
000740.jpg,no_plate,0,0,0,0,0,0,0,0
000741.jpg,unreadable,37,11,56,11,57,37,42,37
000742.jpg,no_plate,0,0,0,0,0,0,0,0
000743.jpg,unreadable,39,20,59,19,57,24,38,26
000744.jpg,unreadable,43,20,62,19,62,24,43,25
000745.jpg,unreadable,46,18,65,17,65,22,46,23
000746.jpg,30H72911,38,73,182,21,189,77,47,145
000747.jpg,30H72911,32,71,170,18,175,79,40,141
000748.jpg,30H72911,38,66,200,17,204,81,45,141
000749.jpg,no_plate,0,0,0,0,0,0,0,0
000750.jpg,no_plate,0,0,0,0,0,0,0,0
000751.jpg,no_plate,0,0,0,0,0,0,0,0
000752.jpg,unreadable,18,33,1,32,1,57,17,58
000753.jpg,no_plate,0,0,0,0,0,0,0,0
000754.jpg,unreadable,18,16,94,40,86,68,12,45
000755.jpg,unreadable,12,18,75,35,68,64,7,44
000756.jpg,unreadable,10,17,65,29,61,58,9,43
000757.jpg,unreadable,58,19,83,22,82,28,57,26
000758.jpg,unreadable,50,20,74,24,73,29,49,26
000759.jpg,unreadable,39,17,62,19,62,24,39,23
000760.jpg,unreadable,58,8,69,10,68,16,57,14
000761.jpg,unreadable,58,7,68,9,67,16,56,14
000762.jpg,unreadable,22,8,37,10,38,1,22,0
000763.jpg,no_plate,0,0,0,0,0,0,0,0
000764.jpg,no_plate,0,0,0,0,0,0,0,0
000765.jpg,no_plate,0,0,0,0,0,0,0,0
000766.jpg,no_plate,0,0,0,0,0,0,0,0
000767.jpg,no_plate,0,0,0,0,0,0,0,0
000768.jpg,no_plate,0,0,0,0,0,0,0,0
000769.jpg,unreadable,73,20,96,12,103,29,79,37
000770.jpg,unreadable,53,21,76,12,83,30,60,39
000771.jpg,unreadable,70,15,93,7,99,23,76,32
000772.jpg,no_plate,0,0,0,0,0,0,0,0
000773.jpg,no_plate,0,0,0,0,0,0,0,0
000774.jpg,no_plate,0,0,0,0,0,0,0,0
000775.jpg,no_plate,0,0,0,0,0,0,0,0
000776.jpg,no_plate,0,0,0,0,0,0,0,0
000777.jpg,no_plate,0,0,0,0,0,0,0,0
000778.jpg,unreadable,40,10,63,3,70,19,46,27
000779.jpg,unreadable,25,11,49,5,54,21,31,29
000780.jpg,no_plate,0,0,0,0,0,0,0,0
000781.jpg,no_plate,0,0,0,0,0,0,0,0
000782.jpg,unreadable,69,11,93,4,99,22,76,28
000783.jpg,unreadable,59,11,83,5,89,22,65,29
000784.jpg,no_plate,0,0,0,0,0,0,0,0
000785.jpg,no_plate,0,0,0,0,0,0,0,0
000786.jpg,no_plate,0,0,0,0,0,0,0,0
000787.jpg,no_plate,0,0,0,0,0,0,0,0
000788.jpg,unreadable,14,15,34,13,33,0,13,1
000789.jpg,no_plate,0,0,0,0,0,0,0,0
000790.jpg,30H34533,0,18,51,13,54,44,0,51
000791.jpg,30H34533,12,17,69,12,69,41,15,47
000792.jpg,30H34533,11,17,65,13,65,41,14,44
000793.jpg,no_plate,0,0,0,0,0,0,0,0
000794.jpg,no_plate,0,0,0,0,0,0,0,0
000795.jpg,no_plate,0,0,0,0,0,0,0,0
000796.jpg,no_plate,0,0,0,0,0,0,0,0
000797.jpg,no_plate,0,0,0,0,0,0,0,0
000798.jpg,no_plate,0,0,0,0,0,0,0,0
000799.jpg,no_plate,0,0,0,0,0,0,0,0
000800.jpg,no_plate,0,0,0,0,0,0,0,0
